﻿id,value,key
Y000001,8.341,weight
Y000002,13.1637,weight
Y000003,6.6135,weight
Y000004,8.4286,weight
Y000005,8.2536,weight
Y000006,12.8671,weight
Y000007,6.4959,weight
Y000008,4.15,weight
Y000009,13.102,weight
Y000010,9.9465,weight
Y000011,7.7034,weight
Y000012,6.6368,weight
Y000013,6.6751,weight
Y000014,6.6794,weight
Y000015,6.6807,weight
Y000016,8.829,weight
Y000017,8.7484,weight
Y000018,8.34,weight
Y000020,8.4331,weight
Y000021,7.6894,weight
Y000022,8.2639,weight
Y000024,8.27,weight
Y000025,8.34,weight
Y000026,9.97,weight
Y000027,8.4578,weight
Y000028,4.98,weight
Y000029,13.09,weight
Y000030,13.45,weight
Y000031,8.34,weight
Y000033,4.96,weight
Y000034,13.102,weight
Y000035,6.4028,weight
Y000036,9.3206,weight
Y000037,9.121,weight
Y000038,8.9008,weight
Y000039,9.9465,weight
Y000040,7.6631,weight
Y000041,8.3197,weight
Y000043,8.4738,weight
Y000044,6.5,weight
Y000045,4.353,weight
Y000046,8.4599,weight
Y000047,8.4591,weight
Y000048,4.561,weight
Y000049,4.25,weight
Y000050,7.6,weight
Y000051,6.59,weight
Y000052,8.4836,weight
Y000054,8.6421,weight
Y000055,8.55,weight
Y000056,3.81,weight
Y000057,7.63,weight
Y000058,14.97,weight
Y000059,5.8614,weight
Y000060,5.8261,weight
Y000061,10.01,weight
Y000062,9.98,weight
Y000067,6.6315,weight
Y000068,13,weight
Y000069,4.475,weight
Y000070,5.135,weight
Y000071,3.82,weight
Y000072,3.75,weight
Y000074,4.2,weight
Y000075,10.32,weight
Y000076,8.17,weight
Y000077,12.8,weight
Y000079,8.4543,weight
Y000082,13.1468,weight
Y000083,13.2863,weight
Y000084,7.4093,weight
Y000085,9.8797,weight
Y000086,7.4093,weight
Y000087,4.3566,weight
Y000089,4.3679,weight
Y000093,8.4216,weight
Y000095,2.728,weight
Y000096,1.364,weight
Y000098,8.4543,weight
Y000099,8.4543,weight
Y000100,8.4543,weight
Y000101,4.15,weight
Y000102,11.565,weight
Y000103,11.688,weight
Y000104,7.5,weight
Y000107,9.6655,weight
Y000108,6.6208,weight
Y000109,5.8303,weight
Y000111,8.7853,weight
Y000113,8.858,weight
Y000114,8.868,weight
Y000115,6.6002,weight
Y000116,6.6,weight
Y000117,6.6078,weight
Y000118,6.6,weight
Y000119,6.6056,weight
Y000121,4.6533,weight
Y000122,7.3354,weight
Y000123,8.78,weight
Y000124,7.32,weight
Y000125,8.77,weight
Y000126,8.5,weight
Y000128,8.5,weight
Y000130,8.4,weight
Y000131,2.791,weight
Y000132,6.76,weight
Y000133,7.32,weight
Y000134,4.4403,weight
Y000135,9.93,weight
Y000136,8.675,weight
Y000137,8.675,weight
Y000138,8.8218,weight
Y000139,8.44,weight
Y000140,5.42,weight
Y000141,11.656,weight
Y000142,6.24,weight
Y000143,8.35,weight
Y000145,8.325,weight
Y000147,8.3495,weight
Y000148,9.72,weight
Y000150,8.44,weight
Y000152,4.6806,weight
Y000154,8.34,weight
Y000155,8.34,weight
Y000156,6.76,weight
Y000157,2.791,weight
Y000158,5.82,weight
Y000159,8.57,weight
Y000160,8.805,weight
Y000161,12.8946,weight
Y000162,8.82,weight
Y000163,8.35,weight
Y000164,6.5,weight
Y000165,7.7034,weight
Y000166,13.102,weight
Y000167,8.45,weight
Y000168,8.5,weight
Y000169,9.7,weight
Y000170,8.44,weight
Y000171,8.256,weight
Y000180,4.5,