ka_id,ka_type,province,city,addr1
C00120502,KA,广东省,东莞市,万江街道
C00120540,传统供应商,广东省,东莞市,万江街道
C00120594,传统供应商,广东省,东莞市,东坑镇
C00120669,传统供应商,广东省,东莞市,东城街道
C00120730,KA,广东省,东莞市,凤岗镇
C00120786,传统供应商,广东省,东莞市,凤岗镇
C00120793,KA,广东省,东莞市,厚街镇
C00120849,传统供应商,广东省,东莞市,厚街镇
C00120936,传统供应商,广东省,东莞市,塘厦镇
C00121003,KA,广东省,东莞市,大岭山镇
C00121055,传统供应商,广东省,东莞市,大岭山镇
C00121084,KA,广东省,东莞市,大朗镇
C00121142,传统供应商,广东省,东莞市,大朗镇
C00121169,KA,广东省,东莞市,寮步镇
C00121225,传统供应商,广东省,东莞市,寮步镇
C00121235,KA,广东省,东莞市,常平镇
C00121290,传统供应商,广东省,东莞市,常平镇
C00121297,KA,广东省,东莞市,望牛墩镇
C00121355,传统供应商,广东省,东莞市,桥头镇
C00121408,传统供应商,广东省,东莞市,樟木头镇
C00121454,传统供应商,广东省,东莞市,横沥镇
C00121510,传统供应商,广东省,东莞市,沙田镇
C00121551,KA,广东省,东莞市,洪梅镇
C00121578,传统供应商,广东省,东莞市,洪梅镇
C00121647,传统供应商,广东省,东莞市,清溪镇
C00121700,传统供应商,广东省,东莞市,石排镇
C00121759,传统供应商,广东省,东莞市,石碣镇
C00121811,KA,广东省,东莞市,茶山镇
C00121884,KA,广东省,东莞市,虎门镇
C00121944,传统供应商,广东省,东莞市,虎门镇
C00121996,传统供应商,广东省,东莞市,谢岗镇
C00122005,KA,广东省,东莞市,道滘镇
C00122057,传统供应商,广东省,东莞市,道滘镇
C00122129,传统供应商,广东省,东莞市,长安镇
C00122174,传统供应商,广东省,东莞市,高埗镇
C00122224,KA,广东省,东莞市,麻涌镇
C00122276,传统供应商,广东省,东莞市,麻涌镇
C00122315,KA,广东省,东莞市,黄江镇
C00122365,传统供应商,广东省,东莞市,黄江镇
C00122425,传统供应商,广东省,中山市,三乡镇
C00122471,传统供应商,广东省,中山市,三角镇
C00122475,KA,广东省,中山市,东凤镇
C00122522,传统供应商,广东省,中山市,东凤镇
C00122568,传统供应商,广东省,中山市,东区街道
C00122619,传统供应商,广东省,中山市,东升镇
C00122650,KA,广东省,中山市,中山市
C00122712,传统供应商,广东省,中山市,中山市
C00122761,传统供应商,广东省,中山市,南头镇
C00122807,传统供应商,广东省,中山市,南朗镇
C00122851,传统供应商,广东省,中山市,古镇镇
C00122913,传统供应商,广东省,中山市,坦洲镇
C00123014,传统供应商,广东省,中山市,小榄镇
C00123046,KA,广东省,中山市,板芙镇
C00123092,传统供应商,广东省,中山市,板芙镇
C00123137,传统供应商,广东省,中山市,横栏镇
C00123185,传统供应商,广东省,中山市,民众镇
C00123226,传统供应商,广东省,中山市,沙溪镇
C00123283,传统供应商,广东省,中山市,港口镇
C00123330,传统供应商,广东省,中山市,石岐街道
C00123342,KA,广东省,中山市,神湾镇
C00123398,传统供应商,广东省,中山市,阜沙镇
C00123408,KA,广东省,中山市,黄圃镇
C00123466,传统供应商,广东省,中山市,黄圃镇
C00123522,传统供应商,广东省,云浮市,云城区
C00123562,传统供应商,广东省,云浮市,新兴县
C00123620,传统供应商,广东省,云浮市,罗定市
C00123663,传统供应商,广东省,云浮市,郁南县
C00123686,KA,广东省,佛山市,三水区
C00123744,传统供应商,广东省,佛山市,三水区
C00123797,KA,广东省,佛山市,南海区
C00123864,传统供应商,广东省,佛山市,南海区
C00123873,KA,广东省,佛山市,禅城区
C00123928,传统供应商,广东省,佛山市,禅城区
C00123987,KA,广东省,佛山市,顺德区
C00124056,传统供应商,广东省,佛山市,顺德区
C00124115,传统供应商,广东省,佛山市,高明区
C00124126,KA,广东省,广州市,从化区
C00124178,传统供应商,广东省,广州市,从化区
C00124271,KA,广东省,广州市,南沙区
C00124332,传统供应商,广东省,广州市,南沙区
C00124399,KA,广东省,广州市,增城区
C00124459,传统供应商,广东省,广州市,增城区
C00124505,KA,广东省,广州市,天河区
C00124573,传统供应商,广东省,广州市,天河区
C00124590,KA,广东省,广州市,海珠区
C00124652,传统供应商,广东省,广州市,海珠区
C00124694,KA,广东省,广州市,番禺区
C00124758,传统供应商,广东省,广州市,番禺区
C00124810,KA,广东省,广州市,白云区
C00124869,传统供应商,广东省,广州市,白云区
C00124903,KA,广东省,广州市,花都区
C00124962,传统供应商,广东省,广州市,花都区
C00124972,KA,广东省,广州市,荔湾区
C00125025,传统供应商,广东省,广州市,荔湾区
C00125046,KA,广东省,广州市,萝岗区
C00125100,传统供应商,广东省,广州市,越秀区
C00243756,KA,广东省,广州市,黄埔区
C00121592,KA,广东省,东莞市,清溪镇
C00122373,KA,广东省,中山市,三乡镇
C00122572,KA,广东省,中山市,东升镇
C00122960,KA,广东省,中山市,小榄镇
C00124060,KA,广东省,佛山市,高明区
C00120878,KA,广东省,东莞市,塘厦镇
C00121415,KA,广东省,东莞市,横沥镇
C00122072,KA,广东省,东莞市,长安镇
C00123351,KA,广东省,中山市,西区街道
C00121769,KA,广东省,东莞市,石龙镇
C00122857,KA,广东省,中山市,坦洲镇
C00124220,传统供应商,广东省,广州市,从化市
C00121865,传统供应商,广东省,东莞市,茶山镇
C00122713,KA,广东省,中山市,南头镇
C00121650,KA,广东省,东莞市,石排镇
C00121357,KA,广东省,东莞市,樟木头镇
C00120672,KA,广东省,东莞市,东莞市
C00120787,KA,广东省,东莞市,南城街道
C00122131,KA,广东省,东莞市,高埗镇
C00122957,传统供应商,广东省,中山市,大涌镇
C00120675,KA,广东省,东莞市,中堂镇
C00123228,KA,广东省,中山市,港口镇
C00243814,传统供应商,广东省,广州市,黄埔区
C00243888,传统供应商,广东省,惠州市,博罗县
C00243947,传统供应商,广东省,惠州市,惠东县
C00243969,KA,广东省,惠州市,惠城区
C00244033,传统供应商,广东省,惠州市,惠城区
C00244085,KA,广东省,惠州市,惠阳区
C00244144,传统供应商,广东省,惠州市,惠阳区
C00244183,传统供应商,广东省,惠州市,龙门县
C00244230,传统供应商,广东省,揭阳市,惠来县
C00244322,传统供应商,广东省,揭阳市,揭西县
C00244352,KA,广东省,揭阳市,普宁市
C00244406,传统供应商,广东省,揭阳市,普宁市
C00244467,传统供应商,广东省,揭阳市,榕城区
C00244500,传统供应商,广东省,梅州市,丰顺县
C00244534,传统供应商,广东省,梅州市,五华县
C00244572,传统供应商,广东省,梅州市,兴宁市
C00244595,传统供应商,广东省,梅州市,大埔县
C00244630,传统供应商,广东省,梅州市,平远县
C00244709,传统供应商,广东省,梅州市,梅江区
C00244778,传统供应商,广东省,汕头市,南澳县
C00244822,传统供应商,广东省,汕头市,澄海区
C00244846,KA,广东省,汕头市,金平区
C00244900,传统供应商,广东省,汕头市,金平区
C00244907,KA,广东省,汕尾市,城　区
C00244959,传统供应商,广东省,汕尾市,城　区
C00245008,传统供应商,广东省,汕尾市,海丰县
C00245060,传统供应商,广东省,汕尾市,陆丰市
C00245109,传统供应商,广东省,汕尾市,陆河县
C00245115,KA,广东省,江门市,台山市
C00245172,传统供应商,广东省,江门市,台山市
C00245239,传统供应商,广东省,江门市,开平市
C00245287,传统供应商,广东省,江门市,恩平市
C00245324,KA,广东省,江门市,新会区
C00245386,传统供应商,广东省,江门市,新会区
C00245458,传统供应商,广东省,江门市,江海区
C00245469,KA,广东省,江门市,蓬江区
C00245527,传统供应商,广东省,江门市,蓬江区
C00245566,KA,广东省,江门市,鹤山市
C00245616,传统供应商,广东省,江门市,鹤山市
C00245656,传统供应商,广东省,河源市,和平县
C00245713,传统供应商,广东省,河源市,源城区
C00245759,传统供应商,广东省,河源市,紫金县
C00245791,传统供应商,广东省,河源市,连平县
C00245838,传统供应商,广东省,河源市,龙川县
C00245897,传统供应商,广东省,深圳市,光明区
C00245908,KA,广东省,深圳市,南山区
C00245969,传统供应商,广东省,深圳市,南山区
C00245994,KA,广东省,深圳市,坪山区
C00246047,传统供应商,广东省,深圳市,坪山区
C00246095,KA,广东省,深圳市,宝安区
C00246160,传统供应商,广东省,深圳市,宝安区
C00246163,KA,广东省,深圳市,盐田区
C00246171,KA,广东省,深圳市,福田区
C00246232,传统供应商,广东省,深圳市,福田区
C00246264,KA,广东省,深圳市,罗湖区
C00246324,传统供应商,广东省,深圳市,罗湖区
C00246371,KA,广东省,深圳市,龙华区s
C00246431,传统供应商,广东省,深圳市,龙华区s
C00246492,KA,广东省,深圳市,龙岗区
C00246564,传统供应商,广东省,深圳市,龙岗区
C00246609,传统供应商,广东省,清远市,佛冈县
C00246619,KA,广东省,清远市,清城区
C00246678,传统供应商,广东省,清远市,清城区
C00246732,传统供应商,广东省,清远市,英德市
C00246784,传统供应商,广东省,清远市,连南县
C00246836,传统供应商,广东省,清远市,连州市
C00246894,传统供应商,广东省,清远市,阳山县
C00246942,传统供应商,广东省,湛江市,吴川市
C00246995,传统供应商,广东省,湛江市,坡头区
C00247046,传统供应商,广东省,湛江市,廉江市
C00247072,传统供应商,广东省,湛江市,徐闻县
C00247123,传统供应商,广东省,湛江市,赤坎区
C00247187,传统供应商,广东省,湛江市,遂溪县
C00247226,传统供应商,广东省,湛江市,雷州市
C00247284,传统供应商,广东省,湛江市,霞山区
C00247328,传统供应商,广东省,湛江市,麻章区
C00247390,传统供应商,广东省,潮州市,湘桥区
C00247444,传统供应商,广东省,潮州市,潮安区
C00247487,传统供应商,广东省,潮州市,饶平县
C00247548,传统供应商,广东省,珠海市,斗门区
C00247624,传统供应商,广东省,珠海市,金湾区
C00247658,KA,广东省,珠海市,香洲区
C00247718,传统供应商,广东省,珠海市,香洲区
C00247785,传统供应商,广东省,肇庆市,四会市
C00247838,传统供应商,广东省,肇庆市,封开县
C00247892,传统供应商,广东省,肇庆市,广宁县
C00247942,传统供应商,广东省,肇庆市,德庆县
C00247989,传统供应商,广东省,肇庆市,怀集县
C00248057,传统供应商,广东省,肇庆市,端州区
C00248116,传统供应商,广东省,肇庆市,高要区
C00248166,传统供应商,广东省,肇庆市,高要市
C00248218,传统供应商,广东省,肇庆市,鼎湖区
C00248255,传统供应商,广东省,茂名市,信宜市
C00370478,传统供应商,广东省,茂名市,化州市
C00247566,KA,广东省,珠海市,金湾区
C00245403,KA,广东省,江门市,江海区
C00247728,KA,广东省,肇庆市,四会市
C00248256,KA,广东省,茂名市,化州市
C00244676,传统供应商,广东省,梅州市,梅县区
C00246574,KA,广东省,清远市,佛冈县
C00247494,KA,广东省,珠海市,斗门区
C00244779,传统供应商,广东省,汕头市,潮阳区
C00244416,KA,广东省,揭阳市,榕城区
C00244680,KA,广东省,梅州市,梅江区
C00244740,传统供应商,广东省,梅州市,蕉岭县
C00244782,KA,广东省,汕头市,澄海区
C00245181,KA,广东省,江门市,开平市
C00243831,KA,广东省,惠州市,博罗县
C00247996,KA,广东省,肇庆市,端州区
C00243889,KA,广东省,惠州市,惠东县
C00245062,KA,广东省,汕尾市,陆河县
C00244270,传统供应商,广东省,揭阳市,揭东区
C00245844,KA,广东省,深圳市,光明区
C00248059,KA,广东省,肇庆市,高要区
C00246679,传统供应商,广东省,清远市,清新区
C00370487,KA,广东省,茂名市,电白区
C00370543,传统供应商,广东省,茂名市,电白县
C00370557,KA,广东省,茂名市,茂南区
C00370617,传统供应商,广东省,茂名市,茂南区
C00370667,传统供应商,广东省,茂名市,高州市
C00370733,传统供应商,广东省,阳江市,江城区
C00370793,传统供应商,广东省,阳江市,阳春市
C00370837,传统供应商,广东省,阳江市,阳西县
C00370884,传统供应商,广东省,韶关市,乐昌市
C00370931,传统供应商,广东省,韶关市,乳源县
C00370976,传统供应商,广东省,韶关市,仁化县
C00371017,传统供应商,广东省,韶关市,南雄市
C00371133,传统供应商,广东省,韶关市,曲江区
C00371258,传统供应商,广东省,韶关市,浈江区
C00371300,传统供应商,广东省,韶关市,翁源县
C00371354,传统供应商,广西,北海市,合浦县
C00371407,传统供应商,广西,北海市,海城区
C00371447,传统供应商,广西,北海市,铁山港区
C00371503,传统供应商,广西,北海市,银海区
C00371562,传统供应商,广西,南宁市,上林县
C00371592,KA,广西,南宁市,兴宁区
C00371650,传统供应商,广西,南宁市,兴宁区
C00371709,传统供应商,广西,南宁市,宾阳县
C00371764,传统供应商,广西,南宁市,横　县
C00371829,传统供应商,广西,南宁市,武鸣区
C00371887,KA,广西,南宁市,江南区
C00371953,传统供应商,广西,南宁市,江南区
C00371987,KA,广西,南宁市,良庆区
C00372046,传统供应商,广西,南宁市,良庆区
C00372089,KA,广西,南宁市,西乡塘区
C00372154,传统供应商,广西,南宁市,西乡塘区
C00372187,KA,广西,南宁市,邕宁区
C00372244,传统供应商,广西,南宁市,邕宁区
C00372296,传统供应商,广西,南宁市,隆安县
C00372338,KA,广西,南宁市,青秀区
C00372403,传统供应商,广西,南宁市,青秀区
C00372459,传统供应商,广西,南宁市,马山县
C00372504,传统供应商,广西,崇左市,凭祥市
C00372553,传统供应商,广西,崇左市,大新县
C00372598,传统供应商,广西,崇左市,天等县
C00372642,传统供应商,广西,崇左市,宁明县
C00372702,传统供应商,广西,崇左市,扶绥县
C00372770,传统供应商,广西,崇左市,江州区
C00372816,传统供应商,广西,崇左市,江洲区
C00372863,传统供应商,广西,崇左市,龙州县
C00372918,传统供应商,广西,来宾市,兴宾区
C00372965,传统供应商,广西,来宾市,合山市
C00373017,传统供应商,广西,来宾市,忻城县
C00373063,传统供应商,广西,来宾市,武宣县
C00373106,传统供应商,广西,来宾市,象州县
C00373148,传统供应商,广西,来宾市,金秀县
C00373199,传统供应商,广西,柳州市,三江县
C00373250,传统供应商,广西,柳州市,城中区
C00373315,传统供应商,广西,柳州市,柳北区
C00373379,传统供应商,广西,柳州市,柳南区
C00373429,传统供应商,广西,柳州市,柳城县
C00373482,传统供应商,广西,柳州市,柳江区
C00373531,传统供应商,广西,柳州市,融安县
C00373585,传统供应商,广西,柳州市,融水县
C00373649,传统供应商,广西,柳州市,鱼峰区
C00373703,传统供应商,广西,柳州市,鹿寨县
C00373730,KA,广西,桂林市,七星区
C00373784,传统供应商,广西,桂林市,七星区
C00373888,传统供应商,广西,桂林市,临桂县
C00373940,传统供应商,广西,桂林市,全州县
C00373992,传统供应商,广西,桂林市,兴安县
C00374013,KA,广西,桂林市,叠彩区
C00374073,传统供应商,广西,桂林市,叠彩区
C00374124,传统供应商,广西,桂林市,平乐县
C00374174,传统供应商,广西,桂林市,恭城县
C00374226,传统供应商,广西,桂林市,永福县
C00374271,传统供应商,广西,桂林市,灌阳县
C00374356,传统供应商,广西,桂林市,灵川县
C00374415,传统供应商,广西,桂林市,秀峰区
C00374464,传统供应商,广西,桂林市,荔浦县
C00374495,KA,广西,桂林市,象山区
C00374527,传统供应商,广西,桂林市,象山区
C00374574,传统供应商,广西,桂林市,资源县
C00374629,传统供应商,广西,桂林市,阳朔县
C00374654,KA,广西,桂林市,雁山区
C00374707,传统供应商,广西,桂林市,雁山区
C00374750,传统供应商,广西,桂林市,龙胜县
C00374807,传统供应商,广西,梧州市,万秀区
C00374854,传统供应商,广西,梧州市,岑溪市
C00374952,传统供应商,广西,梧州市,蒙山县
C00375004,传统供应商,广西,梧州市,藤　县
C00375047,传统供应商,广西,梧州市,龙圩区
C00375093,传统供应商,广西,河池市,东兰县
C00493027,传统供应商,广西,河池市,凤山县
C00371050,传统供应商,广东省,韶关市,始兴县
C00371191,传统供应商,广东省,韶关市,武江区
C00371770,KA,广西,南宁市,武鸣区
C00374903,传统供应商,广西,梧州市,苍梧县
C00374303,KA,广西,桂林市,灵川县
C00374361,KA,广西,桂林市,秀峰区
C00371195,KA,广东省,韶关市,浈江区
C00373795,KA,广西,桂林市,临桂区
C00370677,KA,广东省,阳江市,江城区
C00371080,传统供应商,广东省,韶关市,新丰县
C00370743,KA,广东省,阳江市,阳东区
C00373832,KA,广西,桂林市,临桂县
C00373827,传统供应商,广西,桂林市,临桂区
C00375018,传统供应商,广西,梧州市,长洲区
C00493078,传统供应商,广西,河池市,南丹县
C00493134,传统供应商,广西,河池市,大化县
C00493183,传统供应商,广西,河池市,天峨县
C00493239,传统供应商,广西,河池市,宜州区
C00493294,传统供应商,广西,河池市,巴马县
C00493346,传统供应商,广西,河池市,环江县
C00493398,传统供应商,广西,河池市,罗城县
C00493453,传统供应商,广西,河池市,都安县
C00493510,传统供应商,广西,河池市,金城江区
C00493558,传统供应商,广西,玉林市,兴业县
C00493610,传统供应商,广西,玉林市,北流市
C00493653,传统供应商,广西,玉林市,博白县
C00493702,传统供应商,广西,玉林市,容　县
C00493761,传统供应商,广西,玉林市,玉州区
C00493811,传统供应商,广西,玉林市,陆川县
C00493858,传统供应商,广西,百色市,乐业县
C00493907,传统供应商,广西,百色市,凌云县
C00493970,传统供应商,广西,百色市,右江区
C00494030,传统供应商,广西,百色市,平果县
C00494081,传统供应商,广西,百色市,德保县
C00494135,传统供应商,广西,百色市,田东县
C00494188,传统供应商,广西,百色市,田林县
C00494240,传统供应商,广西,百色市,田阳县
C00494288,传统供应商,广西,百色市,西林县
C00494333,传统供应商,广西,百色市,那坡县
C00494383,传统供应商,广西,百色市,隆林县
C00494427,传统供应商,广西,百色市,靖西县
C00494480,传统供应商,广西,百色市,靖西市
C00494529,传统供应商,广西,贵港市,平南县
C00494581,传统供应商,广西,贵港市,桂平市
C00494636,传统供应商,广西,贵港市,港北区
C00494687,传统供应商,广西,贵港市,港南区
C00494733,传统供应商,广西,贵港市,覃塘区
C00494783,传统供应商,广西,贺州市,八步区
C00494830,传统供应商,广西,贺州市,富川县
C00494886,传统供应商,广西,贺州市,平桂区
C00494933,传统供应商,广西,贺州市,昭平县
C00494984,传统供应商,广西,贺州市,钟山县
C00495029,传统供应商,广西,钦州市,浦北县
C00495076,传统供应商,广西,钦州市,灵山县
C00495128,传统供应商,广西,钦州市,钦北区
C00495171,传统供应商,广西,钦州市,钦南区
C00495216,传统供应商,广西,防城港市,上思县
C00495266,传统供应商,广西,防城港市,东兴市
C00495331,传统供应商,广西,防城港市,港口区
C00495378,传统供应商,广西,防城港市,防城区
C00495415,传统供应商,海南省,万宁市,万宁市
C00495469,传统供应商,海南省,三亚市,吉阳区
C00495515,传统供应商,海南省,三亚市,天涯区
C00495551,传统供应商,海南省,三亚市,崖州县
C00495589,传统供应商,海南省,东方市,东方市
C00495615,传统供应商,海南省,临高县,临高县
C00495650,传统供应商,海南省,乐东县,乐东县
C00495682,传统供应商,海南省,五指山市,五指山市
C00495710,传统供应商,海南省,保亭县,保亭县
C00495750,传统供应商,海南省,儋州市,儋州市
C00495793,传统供应商,海南省,定安县,定安县
C00495828,传统供应商,海南省,屯昌县,屯昌县
C00495870,传统供应商,海南省,文昌市,文昌市
C00495903,传统供应商,海南省,昌江县,昌江县
C00495955,传统供应商,海南省,海口市,琼山区
C00496015,传统供应商,海南省,海口市,秀英区
C00496082,传统供应商,海南省,海口市,美兰区
C00496134,传统供应商,海南省,海口市,龙华区h
C00496175,传统供应商,海南省,澄迈县,澄迈县
C00496213,传统供应商,海南省,琼中县,琼中县
C00496256,传统供应商,海南省,琼海市,琼海市
C00496282,传统供应商,海南省,白沙县,白沙县
C00496319,传统供应商,海南省,陵水县,陵水县
C00496378,传统供应商,福建省,三明市,三元区
C00496430,传统供应商,福建省,三明市,大田县
C00496482,传统供应商,福建省,三明市,宁化县
C00496522,传统供应商,福建省,三明市,将乐县
C00496576,传统供应商,福建省,三明市,尤溪县
C00496620,传统供应商,福建省,三明市,建宁县
C00496662,传统供应商,福建省,三明市,明溪县
C00496715,传统供应商,福建省,三明市,永安市
C00496769,传统供应商,福建省,三明市,沙县
C00496815,传统供应商,福建省,三明市,泰宁县
C00496864,传统供应商,福建省,三明市,清流县
C00496914,传统供应商,福建省,南平市,光泽县
C00496975,传统供应商,福建省,南平市,延平区
C00497029,传统供应商,福建省,南平市,建瓯市
C00497085,传统供应商,福建省,南平市,建阳区
C00497136,传统供应商,福建省,南平市,政和县
C00497186,传统供应商,福建省,南平市,松溪县
C00497240,传统供应商,福建省,南平市,武夷山市
C00497296,传统供应商,福建省,南平市,浦城县
C00497347,传统供应商,福建省,南平市,邵武市
C00497398,传统供应商,福建省,南平市,顺昌县
C00497449,KA,福建省,厦门市,同安区
C00497513,传统供应商,福建省,厦门市,同安区
C00497516,KA,福建省,厦门市,思明区
C00594864,传统供应商,福建省,厦门市,思明区
C00594913,KA,福建省,厦门市,海沧区
C00594966,传统供应商,福建省,厦门市,海沧区
C00594989,KA,福建省,厦门市,湖里区
C00595049,传统供应商,福建省,厦门市,湖里区
C00595091,KA,福建省,厦门市,翔安区
C00595147,传统供应商,福建省,厦门市,翔安区
C00595171,KA,福建省,厦门市,集美区
C00595228,传统供应商,福建省,厦门市,集美区
C00595282,传统供应商,福建省,宁德市,古田县
C00595324,传统供应商,福建省,宁德市,周宁县
C00595368,传统供应商,福建省,宁德市,寿宁县
C00595408,传统供应商,福建省,宁德市,屏南县
C00595437,传统供应商,福建省,宁德市,柘荣县
C00595491,传统供应商,福建省,宁德市,福安市
C00595550,传统供应商,福建省,宁德市,福鼎市
C00595613,传统供应商,福建省,宁德市,蕉城区
C00595665,传统供应商,福建省,宁德市,霞浦县
C00595723,传统供应商,福建省,泉州市,丰泽区
C00595741,KA,福建省,泉州市,南安市
C00595803,传统供应商,福建省,泉州市,南安市
C00595837,KA,福建省,泉州市,安溪县
C00595894,传统供应商,福建省,泉州市,安溪县
C00595947,传统供应商,福建省,泉州市,德化县
C00595950,KA,福建省,泉州市,惠安县
C00596005,传统供应商,福建省,泉州市,惠安县
C00596040,KA,福建省,泉州市,晋江市
C00596103,传统供应商,福建省,泉州市,晋江市
C00596160,传统供应商,福建省,泉州市,永春县
C00596183,KA,福建省,泉州市,泉港区
C00596234,传统供应商,福建省,泉州市,泉港区
C00596277,KA,福建省,泉州市,洛江区
C00596331,传统供应商,福建省,泉州市,洛江区
C00596340,KA,福建省,泉州市,石狮市
C00596395,传统供应商,福建省,泉州市,石狮市
C00596405,KA,福建省,泉州市,鲤城区
C00596458,传统供应商,福建省,泉州市,鲤城区
C00596511,传统供应商,福建省,漳州市,东山县
C00596572,传统供应商,福建省,漳州市,云霄县
C00596606,传统供应商,福建省,漳州市,华安县
C00596653,传统供应商,福建省,漳州市,南靖县
C00596698,传统供应商,福建省,漳州市,平和县
C00596750,传统供应商,福建省,漳州市,漳浦县
C00596801,传统供应商,福建省,漳州市,芗城区
C00596849,传统供应商,福建省,漳州市,诏安县
C00596905,传统供应商,福建省,漳州市,长泰县
C00596907,KA,福建省,漳州市,龙文区
C00596963,传统供应商,福建省,漳州市,龙文区
C00597036,传统供应商,福建省,漳州市,龙海市
C00597062,KA,福建省,福州市,仓山区
C00597124,传统供应商,福建省,福州市,仓山区
C00597181,传统供应商,福建省,福州市,平潭县
C00597252,传统供应商,福建省,福州市,晋安区
C00597310,传统供应商,福建省,福州市,永泰县
C00597319,KA,福建省,福州市,福清市
C00597379,传统供应商,福建省,福州市,福清市
C00597428,传统供应商,福建省,福州市,罗源县
C00597486,传统供应商,福建省,福州市,连江县
C00597495,KA,福建省,福州市,长乐区
C00597550,传统供应商,福建省,福州市,长乐区
C00597579,KA,福建省,福州市,长乐市
C00597633,传统供应商,福建省,福州市,长乐市
C00597681,KA,福建省,福州市,闽侯县
C00597742,传统供应商,福建省,福州市,闽侯县
C00597800,传统供应商,福建省,福州市,闽清县
C00597859,传统供应商,福建省,福州市,马尾区
C00597884,KA,福建省,福州市,鼓楼区
C00597931,传统供应商,福建省,福州市,鼓楼区
C00597986,传统供应商,福建省,莆田市,仙游县
C00598041,传统供应商,福建省,莆田市,城厢区
C00598068,KA,福建省,莆田市,涵江区
C00598125,传统供应商,福建省,莆田市,涵江区
C00598168,传统供应商,福建省,莆田市,秀屿区
C00598226,传统供应商,福建省,莆田市,荔城区
C00598280,传统供应商,福建省,龙岩市,上杭县
C00598350,传统供应商,福建省,龙岩市,新罗区
C00598394,传统供应商,福建省,龙岩市,武平县
C00598436,传统供应商,福建省,龙岩市,永定区
C00598483,传统供应商,福建省,龙岩市,漳平市
C00598536,传统供应商,福建省,龙岩市,连城县
C00598589,传统供应商,福建省,龙岩市,长汀县
C00596975,KA,福建省,漳州市,龙海市
C00597934,KA,福建省,莆田市,仙游县
C00598129,KA,福建省,莆田市,秀屿区
C00597188,KA,福建省,福州市,晋安区
C00595557,KA,福建省,宁德市,蕉城区
C00598287,KA,福建省,龙岩市,新罗区
C00598623,传统供应商,非华南区,非华南区,
C00598656,KA,非华南区,非华南区,
