start_id,end_id,tag,sku
T0001,T0002,one_plant,Y000001
T0001,T0002,one_plant,Y000004
T0001,T0002,one_plant,Y000027
T0001,T0002,one_plant,Y000041
T0001,T0002,one_plant,Y000135
T0001,T0002,one_plant,Y000057
T0001,T0002,one_plant,Y000020
T0001,T0002,one_plant,Y000026
T0001,T0002,one_plant,Y000167
T0001,T0002,one_plant,Y000169
T0001,T0002,one_plant,Y000005
T0001,T0002,one_plant,Y000017
T0001,T0002,one_plant,Y000006
T0001,T0002,one_plant,Y000016
T0001,T0002,one_plant,Y000002
T0001,T0002,one_plant,Y000138
T0001,T0002,one_plant,Y000125
T0001,T0002,one_plant,Y000161
T0001,T0002,one_plant,Y000011
T0001,T0002,one_plant,Y000009
T0001,T0002,one_plant,Y000038
T0001,T0002,one_plant,Y000165
T0001,T0002,one_plant,Y000114
T0001,T0002,one_plant,Y000034
T0001,T0002,one_plant,Y000111
T0001,T0002,one_plant,Y000113
T0001,T0002,one_plant,Y000003
T0001,T0002,one_plant,Y000007
T0001,T0002,one_plant,Y000012
T0001,T0002,one_plant,Y000013
T0001,T0002,one_plant,Y000014
T0001,T0002,one_plant,Y000015
T0001,T0002,one_plant,Y000108
T0001,T0002,one_plant,Y000043
T0001,T0002,one_plant,Y000040
T0001,T0002,one_plant,Y000010
T0001,T0002,one_plant,Y000021
T0001,T0002,one_plant,Y000022
T0001,T0002,one_plant,Y000025
T0001,T0002,one_plant,Y000036
T0001,T0002,one_plant,Y000037
T0001,T0002,one_plant,Y000046
T0001,T0002,one_plant,Y000048
T0001,T0002,one_plant,Y000052
T0001,T0002,one_plant,Y000055
T0001,T0002,one_plant,Y000059
T0001,T0002,one_plant,Y000060
T0001,T0002,one_plant,Y000079
T0001,T0002,one_plant,Y000109
T0001,T0002,one_plant,Y000115
T0001,T0002,one_plant,Y000116
T0001,T0002,one_plant,Y000118
T0001,T0002,one_plant,Y000119
T0001,T0002,one_plant,Y000145
T0001,T0002,one_plant,Y000147
T0001,T0002,one_plant,Y000148
T0001,T0002,one_plant,Y000150
T0001,T0002,one_plant,Y000154
T0001,T0002,one_plant,Y000155
T0001,T0002,one_plant,Y000162
T0001,T0002,one_plant,Y000126
T0001,T1001,one_plant,Y000001
T0001,T1001,one_plant,Y000004
T0001,T1001,one_plant,Y000027
T0001,T1001,one_plant,Y000041
T0001,T1001,one_plant,Y000135
T0001,T1001,one_plant,Y000057
T0001,T1001,one_plant,Y000020
T0001,T1001,one_plant,Y000026
T0001,T1001,one_plant,Y000167
T0001,T1001,one_plant,Y000169
T0001,T1001,one_plant,Y000005
T0001,T1001,one_plant,Y000017
T0001,T1001,one_plant,Y000006
T0001,T1001,one_plant,Y000016
T0001,T1001,one_plant,Y000002
T0001,T1001,one_plant,Y000138
T0001,T1001,one_plant,Y000125
T0001,T1001,one_plant,Y000161
T0001,T1001,one_plant,Y000011
T0001,T1001,one_plant,Y000009
T0001,T1001,one_plant,Y000038
T0001,T1001,one_plant,Y000165
T0001,T1001,one_plant,Y000114
T0001,T1001,one_plant,Y000034
T0001,T1001,one_plant,Y000111
T0001,T1001,one_plant,Y000113
T0001,T1001,one_plant,Y000003
T0001,T1001,one_plant,Y000007
T0001,T1001,one_plant,Y000012
T0001,T1001,one_plant,Y000013
T0001,T1001,one_plant,Y000014
T0001,T1001,one_plant,Y000015
T0001,T1001,one_plant,Y000108
T0001,T1001,one_plant,Y000043
T0001,T1001,one_plant,Y000040
T0001,T1001,one_plant,Y000010
T0001,T1001,one_plant,Y000021
T0001,T1001,one_plant,Y000022
T0001,T1001,one_plant,Y000025
T0001,T1001,one_plant,Y000036
T0001,T1001,one_plant,Y000037
T0001,T1001,one_plant,Y000046
T0001,T1001,one_plant,Y000048
T0001,T1001,one_plant,Y000052
T0001,T1001,one_plant,Y000055
T0001,T1001,one_plant,Y000059
T0001,T1001,one_plant,Y000060
T0001,T1001,one_plant,Y000079
T0001,T1001,one_plant,Y000109
T0001,T1001,one_plant,Y000115
T0001,T1001,one_plant,Y000116
T0001,T1001,one_plant,Y000118
T0001,T1001,one_plant,Y000119
T0001,T1001,one_plant,Y000145
T0001,T1001,one_plant,Y000147
T0001,T1001,one_plant,Y000148
T0001,T1001,one_plant,Y000150
T0001,T1001,one_plant,Y000154
T0001,T1001,one_plant,Y000155
T0001,T1001,one_plant,Y000162
T0001,T1001,one_plant,Y000126
T0003,T1002,one_plant,Y000001
T0003,T1002,one_plant,Y000027
T0003,T1002,one_plant,Y000041
T0003,T1002,one_plant,Y000043
T0003,T1002,one_plant,Y000055
T0003,T1002,one_plant,Y000079
T0003,T1002,one_plant,Y000057
T0003,T1002,one_plant,Y000020
T0003,T1002,one_plant,Y000167
T0003,T1002,one_plant,Y000169
T0003,T1002,one_plant,Y000170
T0003,T1002,one_plant,Y000005
T0003,T1002,one_plant,Y000017
T0003,T1002,one_plant,Y000016
T0003,T1002,one_plant,Y000138
T0003,T1002,one_plant,Y000125
T0003,T1002,one_plant,Y000161
T0003,T1002,one_plant,Y000009
T0003,T1002,one_plant,Y000038
T0003,T1002,one_plant,Y000114
T0003,T1002,one_plant,Y000111
T0003,T1002,one_plant,Y000113
T0014,T0024,one_plant,Y000001
T0014,T0024,one_plant,Y000016
T0014,T0024,one_plant,Y000138
T0014,T0024,one_plant,Y000125
T0014,T0024,one_plant,Y000027
T0014,T0024,one_plant,Y000038
T0014,T0024,one_plant,Y000114
T0014,T0024,one_plant,Y000041
T0014,T0024,one_plant,Y000111
T0014,T0024,one_plant,Y000113
T0014,T0024,one_plant,Y000162
T0014,T0024,one_plant,Y000020
T0014,T0024,one_plant,Y000005
T0014,T0024,one_plant,Y000017
T0014,T0024,one_plant,Y000006
T0014,T0024,one_plant,Y000002
T0014,T0024,one_plant,Y000161
T0014,T0024,one_plant,Y000010
T0014,T0024,one_plant,Y000009
T0014,T0024,one_plant,Y000034
T0014,T0024,one_plant,Y000166
T0014,T1003,one_plant,Y000001
T0014,T1003,one_plant,Y000016
T0014,T1003,one_plant,Y000138
T0014,T1003,one_plant,Y000125
T0014,T1003,one_plant,Y000027
T0014,T1003,one_plant,Y000038
T0014,T1003,one_plant,Y000114
T0014,T1003,one_plant,Y000041
T0014,T1003,one_plant,Y000111
T0014,T1003,one_plant,Y000113
T0014,T1003,one_plant,Y000162
T0014,T1003,one_plant,Y000020
T0014,T1003,one_plant,Y000005
T0014,T1003,one_plant,Y000017
T0014,T1003,one_plant,Y000006
T0014,T1003,one_plant,Y000002
T0014,T1003,one_plant,Y000161
T0014,T1003,one_plant,Y000010
T0014,T1003,one_plant,Y000009
T0014,T1003,one_plant,Y000034
T0014,T1003,one_plant,Y000166
T0026,T1004,one_plant,Y000001
T0026,T1004,one_plant,Y000016
T0026,T1004,one_plant,Y000138
T0026,T1004,one_plant,Y000125
T0026,T1004,one_plant,Y000027
T0026,T1004,one_plant,Y000038
T0026,T1004,one_plant,Y000114
T0026,T1004,one_plant,Y000041
T0026,T1004,one_plant,Y000111
T0026,T1004,one_plant,Y000113
T0026,T1004,one_plant,Y000162
T0026,T1004,one_plant,Y000123
T0026,T1004,one_plant,Y000020
T0026,T1004,one_plant,Y000169
T0026,T1004,one_plant,Y000170
T0026,T1004,one_plant,Y000005
T0026,T1004,one_plant,Y000017
T0026,T1004,one_plant,Y000006
T0026,T1004,one_plant,Y000002
T0026,T1004,one_plant,Y000161
T0026,T1004,one_plant,Y000011
T0026,T1004,one_plant,Y000009
T0026,T1004,one_plant,Y000165
T0026,T1004,one_plant,Y000034
T0026,T1004,one_plant,Y000166
T0026,T1004,one_plant,Y000003
T0026,T1004,one_plant,Y000101
T0026,T1004,one_plant,Y000007
T0026,T1004,one_plant,Y000008
T0026,T1004,one_plant,Y000012
T0026,T1004,one_plant,Y000013
T0026,T1004,one_plant,Y000014
T0026,T1004,one_plant,Y000015
T0026,T1004,one_plant,Y000108
T0026,T1004,one_plant,Y000119
T0028,T1005,one_plant,Y000001
T0028,T1005,one_plant,Y000027
T0028,T1005,one_plant,Y000041
T0028,T1005,one_plant,Y000020
T0028,T1005,one_plant,Y000002
T0028,T1005,one_plant,Y000003
T0028,T1005,one_plant,Y000004
T0028,T1005,one_plant,Y000005
T0028,T1005,one_plant,Y000006
T0028,T1005,one_plant,Y000007
T0028,T1005,one_plant,Y000009
T0028,T1005,one_plant,Y000011
T0028,T1005,one_plant,Y000012
T0028,T1005,one_plant,Y000013
T0028,T1005,one_plant,Y000014
T0028,T1005,one_plant,Y000015
T0028,T1005,one_plant,Y000016
T0028,T1005,one_plant,Y000017
T0028,T1005,one_plant,Y000021
T0028,T1005,one_plant,Y000022
T0028,T1005,one_plant,Y000024
T0028,T1005,one_plant,Y000025
T0028,T1005,one_plant,Y000026
T0028,T1005,one_plant,Y000037
T0028,T1005,one_plant,Y000038
T0028,T1005,one_plant,Y000040
T0028,T1005,one_plant,Y000043
T0028,T1005,one_plant,Y000046
T0028,T1005,one_plant,Y000048
T0028,T1005,one_plant,Y000052
T0028,T1005,one_plant,Y000057
T0028,T1005,one_plant,Y000059
T0028,T1005,one_plant,Y000060
T0028,T1005,one_plant,Y000108
T0028,T1005,one_plant,Y000111
T0028,T1005,one_plant,Y000114
T0028,T1005,one_plant,Y000116
T0028,T1005,one_plant,Y000119
T0028,T1005,one_plant,Y000125
T0028,T1005,one_plant,Y000132
T0028,T1005,one_plant,Y000135
T0028,T1005,one_plant,Y000138
T0028,T1005,one_plant,Y000145
T0028,T1005,one_plant,Y000147
T0028,T1005,one_plant,Y000154
T0028,T1005,one_plant,Y000162
T0030,T1006,one_plant,Y000001
T0030,T1006,one_plant,Y000016
T0030,T1006,one_plant,Y000138
T0030,T1006,one_plant,Y000125
T0030,T1006,one_plant,Y000027
T0030,T1006,one_plant,Y000038
T0030,T1006,one_plant,Y000041
T0030,T1006,one_plant,Y000162
T0030,T1006,one_plant,Y000123
T0030,T1006,one_plant,Y000020
T0030,T1006,one_plant,Y000169
T0030,T1006,one_plant,Y000170
T0030,T1006,one_plant,Y000135
T0030,T1006,one_plant,Y000026
T0030,T1006,one_plant,Y000171
T0040,T1008,one_plant,Y000163
T0040,T1008,one_plant,Y000001
T0040,T1008,one_plant,Y000004
T0040,T1008,one_plant,Y000027
T0040,T1008,one_plant,Y000135
T0040,T1008,one_plant,Y000098
T0040,T1008,one_plant,Y000099
T0040,T1008,one_plant,Y000100
T0040,T1008,one_plant,Y000107
T0040,T1008,one_plant,Y000160
T0040,T1008,one_plant,Y000045
T0040,T1008,one_plant,Y000145
T0040,T1008,one_plant,Y000020
T0040,T1008,one_plant,Y000026
T0040,T1008,one_plant,Y000167
T0040,T1008,one_plant,Y000005
T0040,T1008,one_plant,Y000017
T0040,T1008,one_plant,Y000016
T0040,T1008,one_plant,Y000138
T0040,T1008,one_plant,Y000125
T0040,T1008,one_plant,Y000038
T0040,T1008,one_plant,Y000114
T0040,T1008,one_plant,Y000041
T0040,T1008,one_plant,Y000111
T0040,T1008,one_plant,Y000113
T0040,T1008,one_plant,Y000043
T0040,T1008,one_plant,Y000002
T0040,T1008,one_plant,Y000006
T0040,T1008,one_plant,Y000009
T0040,T1008,one_plant,Y000011
T0040,T1008,one_plant,Y000012
T0040,T1008,one_plant,Y000013
T0040,T1008,one_plant,Y000014
T0040,T1008,one_plant,Y000015
T0040,T1008,one_plant,Y000018
T0040,T1008,one_plant,Y000021
T0040,T1008,one_plant,Y000022
T0040,T1008,one_plant,Y000025
T0040,T1008,one_plant,Y000029
T0040,T1008,one_plant,Y000030
T0040,T1008,one_plant,Y000036
T0040,T1008,one_plant,Y000037
T0040,T1008,one_plant,Y000040
T0040,T1008,one_plant,Y000046
T0040,T1008,one_plant,Y000047
T0040,T1008,one_plant,Y000048
T0040,T1008,one_plant,Y000050
T0040,T1008,one_plant,Y000052
T0040,T1008,one_plant,Y000055
T0040,T1008,one_plant,Y000057
T0040,T1008,one_plant,Y000059
T0040,T1008,one_plant,Y000060
T0040,T1008,one_plant,Y000079
T0040,T1008,one_plant,Y000087
T0040,T1008,one_plant,Y000108
T0040,T1008,one_plant,Y000109
T0040,T1008,one_plant,Y000115
T0040,T1008,one_plant,Y000116
T0040,T1008,one_plant,Y000118
T0040,T1008,one_plant,Y000119
T0040,T1008,one_plant,Y000121
T0040,T1008,one_plant,Y000123
T0040,T1008,one_plant,Y000132
T0040,T1008,one_plant,Y000147
T0040,T1008,one_plant,Y000148
T0040,T1008,one_plant,Y000150
T0040,T1008,one_plant,Y000152
T0040,T1008,one_plant,Y000154
T0040,T1008,one_plant,Y000155
T0040,T1008,one_plant,Y000158
T0040,T1008,one_plant,Y000161
T0040,T1008,one_plant,Y000162
T0040,T1008,one_plant,Y000126
T0015,T0025,one_plant,Y000001
T0015,T0025,one_plant,Y000004
T0015,T0025,one_plant,Y000027
T0015,T0025,one_plant,Y000041
T0015,T0025,one_plant,Y000135
T0015,T0025,one_plant,Y000057
T0015,T0025,one_plant,Y000020
T0015,T0025,one_plant,Y000026
T0015,T0025,one_plant,Y000021
T0015,T0025,one_plant,Y000167
T0015,T0025,one_plant,Y000169
T0015,T0025,one_plant,Y000170
T0015,T0025,one_plant,Y000033
T0015,T0025,one_plant,Y000132
T0015,T0025,one_plant,Y000046
T0015,T0025,one_plant,Y000047
T0015,T0025,one_plant,Y000052
T0015,T0025,one_plant,Y000017
T0015,T0025,one_plant,Y000006
T0015,T0025,one_plant,Y000016
T0015,T0025,one_plant,Y000002
T0015,T0025,one_plant,Y000138
T0015,T0025,one_plant,Y000125
T0015,T0025,one_plant,Y000161
T0015,T0025,one_plant,Y000009
T0015,T0025,one_plant,Y000038
T0015,T0025,one_plant,Y000114
T0015,T0025,one_plant,Y000034
T0015,T0025,one_plant,Y000111
T0015,T0025,one_plant,Y000113
T0015,T0025,one_plant,Y000166
T0015,T0025,one_plant,Y000005
T0015,T0025,one_plant,Y000011
T0015,T0025,one_plant,Y000165
T0015,T0025,one_plant,Y000003
T0015,T0025,one_plant,Y000012
T0015,T0025,one_plant,Y000013
T0015,T0025,one_plant,Y000014
T0015,T0025,one_plant,Y000015
T0015,T0025,one_plant,Y000108
T0015,T0025,one_plant,Y000007
T0015,T0025,one_plant,Y000022
T0015,T0025,one_plant,Y000024
T0015,T0025,one_plant,Y000049
T0015,T0025,one_plant,Y000025
T0015,T0025,one_plant,Y000037
T0015,T0025,one_plant,Y000048
T0015,T0025,one_plant,Y000168
T0015,T0025,one_plant,Y000122
T0015,T0025,one_plant,Y000124
T0015,T0025,one_plant,Y000133
T0015,T0025,one_plant,Y000147
T0015,T0025,one_plant,Y000154
T0015,T0025,one_plant,Y000155
T0015,T0025,one_plant,Y000008
T0015,T0025,one_plant,Y000018
T0015,T0025,one_plant,Y000028
T0015,T0025,one_plant,Y000031
T0015,T0025,one_plant,Y000035
T0015,T0025,one_plant,Y000036
T0015,T0025,one_plant,Y000040
T0015,T0025,one_plant,Y000043
T0015,T0025,one_plant,Y000051
T0015,T0025,one_plant,Y000055
T0015,T0025,one_plant,Y000059
T0015,T0025,one_plant,Y000067
T0015,T0025,one_plant,Y000069
T0015,T0025,one_plant,Y000074
T0015,T0025,one_plant,Y000079
T0015,T0025,one_plant,Y000101
T0015,T0025,one_plant,Y000109
T0015,T0025,one_plant,Y000121
T0015,T0025,one_plant,Y000123
T0015,T0025,one_plant,Y000145
T0015,T0025,one_plant,Y000150
T0015,T0025,one_plant,Y000156
T0015,T0025,one_plant,Y000162
T0015,T0025,one_plant,Y000163
T0015,T0025,one_plant,Y000126
T0015,T0025,one_plant,Y000060
T0015,T0025,one_plant,Y000082
T0015,T0025,one_plant,Y000083
T0015,T0025,one_plant,Y000087
T0015,T0025,one_plant,Y000095
T0015,T0025,one_plant,Y000096
T0015,T0025,one_plant,Y000104
T0015,T0025,one_plant,Y000115
T0015,T0025,one_plant,Y000116
T0015,T0025,one_plant,Y000117
T0015,T0025,one_plant,Y000118
T0015,T0025,one_plant,Y000119
T0015,T0025,one_plant,Y000134
T0015,T0025,one_plant,Y000148
T0015,T0025,one_plant,Y000158
T0015,T0031,one_plant,Y000001
T0015,T0031,one_plant,Y000004
T0015,T0031,one_plant,Y000027
T0015,T0031,one_plant,Y000041
T0015,T0031,one_plant,Y000135
T0015,T0031,one_plant,Y000057
T0015,T0031,one_plant,Y000020
T0015,T0031,one_plant,Y000026
T0015,T0031,one_plant,Y000021
T0015,T0031,one_plant,Y000167
T0015,T0031,one_plant,Y000169
T0015,T0031,one_plant,Y000170
T0015,T0031,one_plant,Y000033
T0015,T0031,one_plant,Y000132
T0015,T0031,one_plant,Y000046
T0015,T0031,one_plant,Y000047
T0015,T0031,one_plant,Y000052
T0015,T0031,one_plant,Y000017
T0015,T0031,one_plant,Y000006
T0015,T0031,one_plant,Y000016
T0015,T0031,one_plant,Y000002
T0015,T0031,one_plant,Y000138
T0015,T0031,one_plant,Y000125
T0015,T0031,one_plant,Y000161
T0015,T0031,one_plant,Y000009
T0015,T0031,one_plant,Y000038
T0015,T0031,one_plant,Y000114
T0015,T0031,one_plant,Y000034
T0015,T0031,one_plant,Y000111
T0015,T0031,one_plant,Y000113
T0015,T0031,one_plant,Y000166
T0015,T0031,one_plant,Y000005
T0015,T0031,one_plant,Y000011
T0015,T0031,one_plant,Y000165
T0015,T0031,one_plant,Y000003
T0015,T0031,one_plant,Y000012
T0015,T0031,one_plant,Y000013
T0015,T0031,one_plant,Y000014
T0015,T0031,one_plant,Y000015
T0015,T0031,one_plant,Y000108
T0015,T0031,one_plant,Y000007
T0015,T0031,one_plant,Y000022
T0015,T0031,one_plant,Y000024
T0015,T0031,one_plant,Y000049
T0015,T0031,one_plant,Y000025
T0015,T0031,one_plant,Y000037
T0015,T0031,one_plant,Y000048
T0015,T0031,one_plant,Y000168
T0015,T0031,one_plant,Y000122
T0015,T0031,one_plant,Y000124
T0015,T0031,one_plant,Y000133
T0015,T0031,one_plant,Y000147
T0015,T0031,one_plant,Y000154
T0015,T0031,one_plant,Y000155
T0015,T0031,one_plant,Y000008
T0015,T0031,one_plant,Y000018
T0015,T0031,one_plant,Y000028
T0015,T0031,one_plant,Y000031
T0015,T0031,one_plant,Y000035
T0015,T0031,one_plant,Y000036
T0015,T0031,one_plant,Y000040
T0015,T0031,one_plant,Y000043
T0015,T0031,one_plant,Y000051
T0015,T0031,one_plant,Y000055
T0015,T0031,one_plant,Y000059
T0015,T0031,one_plant,Y000067
T0015,T0031,one_plant,Y000069
T0015,T0031,one_plant,Y000074
T0015,T0031,one_plant,Y000079
T0015,T0031,one_plant,Y000101
T0015,T0031,one_plant,Y000109
T0015,T0031,one_plant,Y000121
T0015,T0031,one_plant,Y000123
T0015,T0031,one_plant,Y000145
T0015,T0031,one_plant,Y000150
T0015,T0031,one_plant,Y000156
T0015,T0031,one_plant,Y000162
T0015,T0031,one_plant,Y000163
T0015,T0031,one_plant,Y000126
T0015,T0031,one_plant,Y000060
T0015,T0031,one_plant,Y000082
T0015,T0031,one_plant,Y000083
T0015,T0031,one_plant,Y000087
T0015,T0031,one_plant,Y000095
T0015,T0031,one_plant,Y000096
T0015,T0031,one_plant,Y000104
T0015,T0031,one_plant,Y000115
T0015,T0031,one_plant,Y000116
T0015,T0031,one_plant,Y000117
T0015,T0031,one_plant,Y000118
T0015,T0031,one_plant,Y000119
T0015,T0031,one_plant,Y000134
T0015,T0031,one_plant,Y000148
T0015,T0031,one_plant,Y000158
T0015,T1007,one_plant,Y000001
T0015,T1007,one_plant,Y000004
T0015,T1007,one_plant,Y000027
T0015,T1007,one_plant,Y000041
T0015,T1007,one_plant,Y000135
T0015,T1007,one_plant,Y000057
T0015,T1007,one_plant,Y000020
T0015,T1007,one_plant,Y000026
T0015,T1007,one_plant,Y000021
T0015,T1007,one_plant,Y000167
T0015,T1007,one_plant,Y000169
T0015,T1007,one_plant,Y000170
T0015,T1007,one_plant,Y000033
T0015,T1007,one_plant,Y000132
T0015,T1007,one_plant,Y000046
T0015,T1007,one_plant,Y000047
T0015,T1007,one_plant,Y000052
T0015,T1007,one_plant,Y000017
T0015,T1007,one_plant,Y000006
T0015,T1007,one_plant,Y000016
T0015,T1007,one_plant,Y000002
T0015,T1007,one_plant,Y000138
T0015,T1007,one_plant,Y000125
T0015,T1007,one_plant,Y000161
T0015,T1007,one_plant,Y000009
T0015,T1007,one_plant,Y000038
T0015,T1007,one_plant,Y000114
T0015,T1007,one_plant,Y000034
T0015,T1007,one_plant,Y000111
T0015,T1007,one_plant,Y000113
T0015,T1007,one_plant,Y000166
T0015,T1007,one_plant,Y000005
T0015,T1007,one_plant,Y000011
T0015,T1007,one_plant,Y000165
T0015,T1007,one_plant,Y000003
T0015,T1007,one_plant,Y000012
T0015,T1007,one_plant,Y000013
T0015,T1007,one_plant,Y000014
T0015,T1007,one_plant,Y000015
T0015,T1007,one_plant,Y000108
T0015,T1007,one_plant,Y000007
T0015,T1007,one_plant,Y000022
T0015,T1007,one_plant,Y000024
T0015,T1007,one_plant,Y000049
T0015,T1007,one_plant,Y000025
T0015,T1007,one_plant,Y000037
T0015,T1007,one_plant,Y000048
T0015,T1007,one_plant,Y000168
T0015,T1007,one_plant,Y000122
T0015,T1007,one_plant,Y000124
T0015,T1007,one_plant,Y000133
T0015,T1007,one_plant,Y000147
T0015,T1007,one_plant,Y000154
T0015,T1007,one_plant,Y000155
T0015,T1007,one_plant,Y000008
T0015,T1007,one_plant,Y000018
T0015,T1007,one_plant,Y000028
T0015,T1007,one_plant,Y000031
T0015,T1007,one_plant,Y000035
T0015,T1007,one_plant,Y000036
T0015,T1007,one_plant,Y000040
T0015,T1007,one_plant,Y000043
T0015,T1007,one_plant,Y000051
T0015,T1007,one_plant,Y000055
T0015,T1007,one_plant,Y000059
T0015,T1007,one_plant,Y000067
T0015,T1007,one_plant,Y000069
T0015,T1007,one_plant,Y000074
T0015,T1007,one_plant,Y000079
T0015,T1007,one_plant,Y000101
T0015,T1007,one_plant,Y000109
T0015,T1007,one_plant,Y000121
T0015,T1007,one_plant,Y000123
T0015,T1007,one_plant,Y000145
T0015,T1007,one_plant,Y000150
T0015,T1007,one_plant,Y000156
T0015,T1007,one_plant,Y000162
T0015,T1007,one_plant,Y000163
T0015,T1007,one_plant,Y000126
T0015,T1007,one_plant,Y000060
T0015,T1007,one_plant,Y000082
T0015,T1007,one_plant,Y000083
T0015,T1007,one_plant,Y000087
T0015,T1007,one_plant,Y000095
T0015,T1007,one_plant,Y000096
T0015,T1007,one_plant,Y000104
T0015,T1007,one_plant,Y000115
T0015,T1007,one_plant,Y000116
T0015,T1007,one_plant,Y000117
T0015,T1007,one_plant,Y000118
T0015,T1007,one_plant,Y000119
T0015,T1007,one_plant,Y000134
T0015,T1007,one_plant,Y000148
T0015,T1007,one_plant,Y000158
