﻿fac_id,fac_name,line_id,min_production
P0001,广州,GZA1,0
P0001,广州,GZA2,0
P0001,广州,GZB1,0
P0001,广州,GZB2,0
P0001,广州,GZC1,0
P0001,广州,GZC2,0
P0001,广州,GZC3,0
P0002,福州,FZA1,0
P0002,福州,FZB1,0
P0003,南宁,NNA1,0
P0003,南宁,NNB1,0
P0003,南宁,NNB2,0
P0003,南宁,NNC1,0
P0004,海南,HNA1,0
P0005,漳州,ZZA1,7699149
P0005,漳州,ZZB1,5862556
P0005,漳州,ZZC2,889155
P0006,湛江,ZJA1,12414018
P0006,湛江,ZJB1,6994823
P0007,惠州,HZA1,12258233
P0007,惠州,HZA2,1731233
P0008,桂林紫泉,GLA1,9361585
P0008,桂林紫泉,GLB1,6580008
P000X,虚拟工厂,XXXX,0
