fac_id,fac_type,province,city,addr1,fac_name,if_current
T0002,level_1_outer,广西壮族自治区,南宁市,武鸣区,T0002,1
T0024,level_1_outer,广西壮族自治区,桂林市,灵川县,T0024,1
T0025,level_1_outer,广东省,深圳市,宝安区,T0025,1
T0031,level_1_outer,广东省,广州市,黄埔区,T0031,1
T0019,level_2,广西壮族自治区,南宁市,江南区,T0019,1
T0020,level_2,广东省,广州市,黄埔区,T0020,1
T0021,level_2,广东省,东莞市,东莞市,T0021,1
T0022,level_2,广东省,中山市,中山市,T0022,1
T0023,level_2,广西壮族自治区,桂林市,灵川县,T0023,1
T0039,level_2,福建省,福州市,马尾区,T0039,1
T0041,level_2,福建省,厦门市,湖里区,T0041,1
T0001,level_1_inner,广西壮族自治区,南宁市,武鸣区,T0001,1
T0003,level_1_inner,广东省,湛江市,遂溪县,T0003,1
T0014,level_1_inner,广西壮族自治区,桂林市,七星区,T0014,1
T0015,level_1_inner,广东省,广州市,黄埔区,T0015,1
T0026,level_1_inner,福建省,漳州市,龙海市,T0026,1
T0028,level_1_inner,海南省,澄迈县,澄迈县,T0028,1
T0029,level_1_inner,广东省,湛江市,遂溪县,T0029,1
T0030,level_1_inner,广东省,惠州市,博罗县,T0030,1
T0040,level_1_inner,福建省,福州市,马尾区,T0040,1
T1001,level_1_outer,广西壮族自治区,南宁市,武鸣区,T1001,0
T1002,level_1_outer,广东省,湛江市,遂溪县,T1002,0
T1003,level_1_outer,广西壮族自治区,桂林市,七星区,T1003,0
T1004,level_1_outer,福建省,漳州市,龙海市,T1004,0
T1005,level_1_outer,海南省,澄迈县,澄迈县,T1005,0
T1006,level_1_outer,广东省,惠州市,博罗县,T1006,0
T1007,level_1_outer,广东省,广州市,黄埔区,T1007,0
T1008,level_1_outer,福建省,福州市,马尾区,T1008,0
