,id,lb
22,T0001_C00120849,283.0524228
23,T0001_C00120936,504.4517516
24,T0001_C00121225,379.4941706
25,T0001_C00121510,259.9685861
26,T0001_C00121647,223.886529
27,T0001_C00121759,614.3642613
28,T0001_C00121944,746.5882395
29,T0001_C00121996,284.642813
30,T0001_C00122057,402.6745459
31,T0001_C00122129,1493.377843
32,T0001_C00122365,261.7774841
33,T0001_C00123522,140.3214788
34,T0001_C00123562,75.26599909
35,T0001_C00123620,117.4791227
36,T0001_C00123663,34.15113075
37,T0001_C00123744,156.6992313
38,T0001_C00123864,3415.882255
39,T0001_C00123928,668.5248216
40,T0001_C00124056,3610.05747
41,T0001_C00124115,186.3233642
42,T0001_C00124332,324.9988719
43,T0001_C00124962,519.202579
44,T0001_C00245458,127.7158479
45,T0001_C00246678,1533.677882
46,T0001_C00246732,21.32625815
47,T0001_C00246784,533.1015205
48,T0001_C00246836,102.0064931
49,T0001_C00246894,25.31581534
50,T0001_C00246942,359.2145286
51,T0001_C00246995,344.1317955
52,T0001_C00247046,283.6968499
53,T0001_C00247072,36.30648546
54,T0001_C00247123,313.3102003
55,T0001_C00247187,546.4383247
56,T0001_C00247226,78.70443367
57,T0001_C00247284,969.8959809
58,T0001_C00247328,51.64865665
59,T0001_C00247548,544.4733531
60,T0001_C00247624,141.4388453
61,T0001_C00247718,251.7942148
62,T0001_C00247785,134.8015143
63,T0001_C00247838,1297.439389
64,T0001_C00247892,87.9577915
65,T0001_C00247942,23.43236575
66,T0001_C00247989,159.9087816
67,T0001_C00248057,383.9295845
68,T0001_C00248116,2091.503767
69,T0001_C00248166,93.28208577
70,T0001_C00248218,116.9112402
71,T0001_C00248255,83.18312959
72,T0001_C00370478,123.3232883
73,T0001_C00370543,826.9780152
74,T0001_C00370617,366.8917106
75,T0001_C00370667,268.2395614
76,T0001_C00370733,637.8829637
77,T0001_C00370793,243.3161981
78,T0001_C00370837,175.7045515
79,T0001_C00370884,4.566971473
80,T0001_C00370931,17.05188974
81,T0001_C00371050,1.285410846
82,T0001_C00371133,99.69652132
83,T0001_C00371191,9.346926464
84,T0001_C00371258,252.8264806
85,T0001_C00371354,3677.80064
86,T0001_C00371407,1615.173743
87,T0001_C00371447,1138.027839
88,T0001_C00371503,3522.975179
89,T0001_C00371562,11633.13948
90,T0001_C00371650,26702.1529
91,T0001_C00371709,23157.30275
92,T0001_C00371764,10836.46572
93,T0001_C00371829,30737.30407
94,T0001_C00371953,61057.76048
95,T0001_C00372046,6197.67206
96,T0001_C00372154,44976.25937
97,T0001_C00372244,7607.331832
98,T0001_C00372296,11561.15298
99,T0001_C00372403,12191.84324
100,T0001_C00372459,19875.57877
101,T0001_C00372504,2981.143122
102,T0001_C00372553,10528.43274
103,T0001_C00372598,6784.320226
104,T0001_C00372642,13420.95462
105,T0001_C00372702,14180.69724
106,T0001_C00372770,8734.849966
107,T0001_C00372816,3388.544515
108,T0001_C00372863,5779.9683
109,T0001_C00372918,11098.45803
110,T0001_C00372965,2901.198666
111,T0001_C00373017,5913.807867
112,T0001_C00373063,6304.655356
113,T0001_C00373106,5512.436784
114,T0001_C00373148,1949.721641
115,T0001_C00373199,3217.046703
116,T0001_C00373250,2148.019174
117,T0001_C00373315,26487.73867
118,T0001_C00373379,18435.5029
119,T0001_C00373429,2829.166026
120,T0001_C00373482,13246.93357
121,T0001_C00373531,4759.781312
122,T0001_C00373585,5850.706789
123,T0001_C00373649,11131.0553
124,T0001_C00373703,3962.535213
125,T0001_C00373784,7749.613147
126,T0001_C00373888,4139.747626
127,T0001_C00373940,2086.647417
128,T0001_C00373992,1353.782514
129,T0001_C00374073,6931.971373
130,T0001_C00374124,3642.971411
131,T0001_C00374174,494.3585143
132,T0001_C00374226,1759.47047
133,T0001_C00374415,5024.10976
134,T0001_C00374464,3860.419717
135,T0001_C00374527,2007.595647
136,T0001_C00374574,463.5776101
137,T0001_C00374629,3403.810574
138,T0001_C00374707,1792.685725
139,T0001_C00374750,646.0868782
140,T0001_C00374807,12103.05021
141,T0001_C00374854,6758.93387
142,T0001_C00374903,43.9585107
143,T0001_C00374952,798.8097964
144,T0001_C00375004,10285.33723
145,T0001_C00375047,2998.888359
146,T0001_C00375093,3006.543239
147,T0001_C00493027,1913.527152
148,T0001_C00493078,6689.728355
149,T0001_C00493134,10429.29698
150,T0001_C00493183,4858.243293
151,T0001_C00493239,7564.624117
152,T0001_C00493294,4379.237619
153,T0001_C00493346,2068.844682
154,T0001_C00493398,2054.305275
155,T0001_C00493453,14434.04621
156,T0001_C00493510,9417.173564
157,T0001_C00493558,1364.202746
158,T0001_C00493610,2425.253557
159,T0001_C00493653,6252.859346
160,T0001_C00493702,546.2807337
161,T0001_C00493761,16139.35605
162,T0001_C00493811,2325.392732
163,T0001_C00493858,4616.579165
164,T0001_C00493907,5477.556534
165,T0001_C00493970,23346.02598
166,T0001_C00494030,27637.61095
167,T0001_C00494081,10277.59795
168,T0001_C00494135,28217.32992
169,T0001_C00494188,19564.75979
170,T0001_C00494240,8876.425235
171,T0001_C00494288,5301.402427
172,T0001_C00494333,5822.203278
173,T0001_C00494383,12158.00594
174,T0001_C00494427,4320.630749
175,T0001_C00494480,19546.70506
176,T0001_C00494529,2831.191858
177,T0001_C00494581,7004.573775
178,T0001_C00494636,13497.67663
179,T0001_C00494687,3008.965798
180,T0001_C00494733,1585.890997
181,T0001_C00494783,6028.93967
182,T0001_C00494830,334.1646665
183,T0001_C00494886,2291.374361
184,T0001_C00494933,1519.421617
185,T0001_C00494984,2112.772327
186,T0001_C00495029,1998.364922
187,T0001_C00495076,4166.00796
188,T0001_C00495128,6877.961606
189,T0001_C00495171,3324.243589
190,T0001_C00495216,4692.863628
191,T0001_C00495266,1759.712168
192,T0001_C00495331,3302.923826
193,T0001_C00495378,3976.020058
204,T0002_C00123522,91.91642769
205,T0002_C00123620,216.4403937
206,T0002_C00123663,22.68926365
207,T0002_C00246784,8.544715277
208,T0002_C00246836,54.98593085
209,T0002_C00246942,184.0073296
210,T0002_C00246995,100.0854814
211,T0002_C00247046,250.2408833
212,T0002_C00247072,3.418088435
213,T0002_C00247123,47.7808894
214,T0002_C00247187,41.65439151
215,T0002_C00247284,1280.763517
216,T0002_C00247838,206.267796
217,T0002_C00247942,63.80442461
218,T0002_C00247989,35.84843299
219,T0002_C00248116,418.3764367
220,T0002_C00248166,17.58655484
221,T0002_C00248255,79.52361047
222,T0002_C00370478,310.6545252
223,T0002_C00370543,432.8147078
224,T0002_C00370617,553.1760939
225,T0002_C00370667,123.7320301
226,T0002_C00371354,605.003612
227,T0002_C00371407,551.3325855
228,T0002_C00371447,6.143423958
229,T0002_C00371503,340.2348043
230,T0002_C00371562,89.92556127
231,T0002_C00371650,912.4118042
232,T0002_C00371709,29.2053898
233,T0002_C00371764,48.68211777
234,T0002_C00371829,194.5590456
235,T0002_C00371953,906.0714647
236,T0002_C00372046,113.6639057
237,T0002_C00372154,1464.431803
238,T0002_C00372244,37.09741533
239,T0002_C00372296,74.51792045
240,T0002_C00372403,802.223351
241,T0002_C00372459,92.13036995
242,T0002_C00372504,35.65004364
243,T0002_C00372553,37.35274291
244,T0002_C00372598,15.72385692
245,T0002_C00372642,1.04289043
246,T0002_C00372702,477.8547261
247,T0002_C00372770,65.64929211
248,T0002_C00372816,20.78759505
249,T0002_C00372863,1044.468424
250,T0002_C00372918,69.33328371
251,T0002_C00372965,43.7180903
252,T0002_C00373017,69.00001337
253,T0002_C00373063,25.04086047
254,T0002_C00373106,24.52030254
255,T0002_C00373148,21.49774714
256,T0002_C00373250,42.47808201
257,T0002_C00373315,226.4563939
258,T0002_C00373379,282.7699452
259,T0002_C00373482,115.7067124
260,T0002_C00373585,54.66729505
261,T0002_C00373649,221.7772418
262,T0002_C00373703,62.53090391
263,T0002_C00373784,49.98490112
264,T0002_C00373888,117.2580519
265,T0002_C00373940,49.83683047
266,T0002_C00373992,46.456686
267,T0002_C00374073,367.2315926
268,T0002_C00374124,23.66885371
269,T0002_C00374174,12.22797106
270,T0002_C00374226,45.46678937
271,T0002_C00374356,57.70168003
272,T0002_C00374415,60.70671493
273,T0002_C00374464,16.15318177
274,T0002_C00374527,7.608430147
275,T0002_C00374574,24.347966
276,T0002_C00374629,25.82740647
277,T0002_C00374750,8.028159267
278,T0002_C00374807,130.0403588
279,T0002_C00374854,40.78102897
280,T0002_C00374952,70.49254685
281,T0002_C00375004,70.10923203
282,T0002_C00375047,101.8337429
283,T0002_C00493027,11.76722749
284,T0002_C00493078,113.3912228
285,T0002_C00493134,102.325116
286,T0002_C00493183,8.710356196
287,T0002_C00493239,312.7612246
288,T0002_C00493294,126.0173499
289,T0002_C00493346,23.60175105
290,T0002_C00493398,45.64600926
291,T0002_C00493453,36.85245215
292,T0002_C00493510,130.2861939
293,T0002_C00493558,355.2751386
294,T0002_C00493610,268.5328957
295,T0002_C00493653,41.35574819
296,T0002_C00493761,1599.786089
297,T0002_C00493811,8.798453503
298,T0002_C00493858,17.65244439
299,T0002_C00493970,116.8385279
300,T0002_C00494030,136.9314706
301,T0002_C00494081,15.58089897
302,T0002_C00494135,16.63124928
303,T0002_C00494240,61.54058165
304,T0002_C00494288,13.97043915
305,T0002_C00494333,77.92332993
306,T0002_C00494383,32.22055179
307,T0002_C00494427,8.541380353
308,T0002_C00494480,173.3656293
309,T0002_C00494529,600.7958936
310,T0002_C00494581,806.4536606
311,T0002_C00494636,48.08934644
312,T0002_C00494687,507.8503629
313,T0002_C00494733,330.6907369
314,T0002_C00494783,53.32096985
315,T0002_C00494886,99.83021123
316,T0002_C00494933,58.58521553
317,T0002_C00495029,33.08893274
318,T0002_C00495076,16.89688712
319,T0002_C00495128,54.08486901
320,T0002_C00495171,21.80407209
321,T0002_C00495216,6.161323694
322,T0002_C00495266,342.1220286
323,T0002_C00495331,472.8195923
324,T0002_C00495378,22.40565144
328,T0003_C00120540,157.3200051
329,T0003_C00120594,1086.213009
330,T0003_C00120669,5217.656359
331,T0003_C00120786,396.2103497
332,T0003_C00120849,333.2649496
333,T0003_C00121055,369.2563796
334,T0003_C00121142,828.6581904
335,T0003_C00121225,492.9243294
336,T0003_C00121290,1311.990782
337,T0003_C00121355,206.3442257
338,T0003_C00121408,298.5470008
339,T0003_C00121454,283.2983597
340,T0003_C00121510,763.0009781
341,T0003_C00121578,257.2593162
342,T0003_C00121647,507.1807617
343,T0003_C00121700,161.7058716
344,T0003_C00121759,381.9228819
345,T0003_C00121944,1236.192043
346,T0003_C00121996,342.3791542
347,T0003_C00122057,376.2156066
348,T0003_C00122129,2538.967376
349,T0003_C00122174,169.2126867
350,T0003_C00122276,206.1057063
351,T0003_C00122365,273.9222805
352,T0003_C00122425,145.3068282
353,T0003_C00122471,121.0371801
354,T0003_C00122522,91.15193112
355,T0003_C00122568,239.5742649
356,T0003_C00122619,144.6509724
357,T0003_C00122712,388.1852531
358,T0003_C00122761,84.14803194
359,T0003_C00122851,99.79701067
360,T0003_C00122913,821.1880583
361,T0003_C00123014,763.2487445
362,T0003_C00123092,51.57736873
363,T0003_C00123137,104.3739097
364,T0003_C00123185,36.88835261
365,T0003_C00123226,132.0120697
366,T0003_C00123283,1667.005799
367,T0003_C00123330,111.5246896
368,T0003_C00123398,70.26151324
369,T0003_C00123466,163.5719226
370,T0003_C00123522,92.62669788
371,T0003_C00123562,63.2130764
372,T0003_C00123620,5.194818364
373,T0003_C00123663,4.338319475
374,T0003_C00123744,21.40718832
375,T0003_C00123864,765.2806854
376,T0003_C00123928,61.34284972
377,T0003_C00124056,144.4512206
378,T0003_C00124115,16.26835343
379,T0003_C00124178,303.100605
380,T0003_C00124332,192.8205456
381,T0003_C00124459,1110.633698
382,T0003_C00124573,3461.173325
383,T0003_C00124652,1979.119801
384,T0003_C00124758,1725.423207
385,T0003_C00124869,4492.087822
386,T0003_C00124962,212.419533
387,T0003_C00125025,843.5288522
388,T0003_C00125100,1840.813644
389,T0003_C00243814,1189.568077
390,T0003_C00244144,1402.372833
391,T0003_C00245172,146.4637985
392,T0003_C00245239,190.2461932
393,T0003_C00245287,110.0375556
394,T0003_C00245386,1338.614718
395,T0003_C00245458,14.47340357
396,T0003_C00245527,465.1907989
397,T0003_C00245616,591.5522517
398,T0003_C00245897,1765.970773
399,T0003_C00245969,1849.173139
400,T0003_C00246047,155.8804575
401,T0003_C00246160,7692.474656
402,T0003_C00246232,1250.389473
403,T0003_C00246324,333.3349326
404,T0003_C00246431,4355.463442
405,T0003_C00246564,5328.996254
406,T0003_C00246678,11.40602073
407,T0003_C00246732,3.133542021
408,T0003_C00246784,4.339650719
409,T0003_C00246836,7.477922918
410,T0003_C00246894,396.1118441
411,T0003_C00246942,368.7622477
412,T0003_C00246995,246.5157716
413,T0003_C00247046,356.1033003
414,T0003_C00247072,98.69998349
415,T0003_C00247123,1362.926388
416,T0003_C00247187,996.6553296
417,T0003_C00247226,798.7816324
418,T0003_C00247284,3129.876464
419,T0003_C00247328,30.71837461
420,T0003_C00247548,487.8634918
421,T0003_C00247624,344.4763408
422,T0003_C00247718,4900.580505
423,T0003_C00247785,2.86484557
424,T0003_C00247838,6.203527576
425,T0003_C00247892,16.45840935
426,T0003_C00247942,39.01831027
427,T0003_C00247989,23.78118125
428,T0003_C00248057,5.031299434
429,T0003_C00248116,5.270748455
430,T0003_C00248166,62.91043132
431,T0003_C00248218,1.390509186
432,T0003_C00248255,140.0679795
433,T0003_C00370478,114.4002077
434,T0003_C00370543,43.85024528
435,T0003_C00370617,1200.180133
436,T0003_C00370667,457.9139819
437,T0003_C00370733,532.2191247
438,T0003_C00370793,482.9411216
439,T0003_C00370837,254.8200195
440,T0003_C00371258,8.633664916
441,T0003_C00371354,191.0815809
442,T0003_C00371407,77.10495994
443,T0003_C00371447,31.06661532
444,T0003_C00371503,159.3925954
445,T0003_C00371562,137.2685416
446,T0003_C00371650,12.40422763
447,T0003_C00371709,26.22426027
448,T0003_C00371764,5.17283467
449,T0003_C00371829,25.75273308
450,T0003_C00371953,91.82099993
451,T0003_C00372046,26.57350595
452,T0003_C00372154,1897.379861
453,T0003_C00372244,3599.21604
454,T0003_C00372296,18.79535807
455,T0003_C00372403,3468.076391
456,T0003_C00372459,1560.821188
457,T0003_C00372504,11.38232889
458,T0003_C00372553,4.418195636
459,T0003_C00372598,1.719353588
460,T0003_C00372642,7.2262699
461,T0003_C00372702,41.97103458
462,T0003_C00372770,1557.233073
463,T0003_C00372816,1431.576076
464,T0003_C00372863,1.422358876
465,T0003_C00372918,7.271170994
466,T0003_C00372965,658.19218
467,T0003_C00373017,13.74309562
468,T0003_C00373063,1.923178922
469,T0003_C00373106,1258.067277
470,T0003_C00373199,14.69091849
471,T0003_C00373250,16.40183288
472,T0003_C00373315,99.40472887
473,T0003_C00373379,24.1544411
474,T0003_C00373429,1844.355091
475,T0003_C00373482,14.96406956
476,T0003_C00373531,2.79642159
477,T0003_C00373585,15.33607794
478,T0003_C00373649,2178.415364
479,T0003_C00373703,1683.234967
480,T0003_C00374629,8.712198982
481,T0003_C00374807,85.24949952
482,T0003_C00374854,28.60559242
483,T0003_C00374903,16.59028678
484,T0003_C00374952,4.648366009
485,T0003_C00375004,51.14443333
486,T0003_C00375047,1450.077565
487,T0003_C00375093,409.3063608
488,T0003_C00493027,5.351540208
489,T0003_C00493078,914.7767833
490,T0003_C00493134,7.876731402
491,T0003_C00493183,98.66852251
492,T0003_C00493239,19.79863018
493,T0003_C00493294,2108.499734
494,T0003_C00493346,10.35777542
495,T0003_C00493398,2.375284109
496,T0003_C00493453,36.41035683
497,T0003_C00493510,23.77626169
498,T0003_C00493558,2.397047904
499,T0003_C00493610,42.8157457
500,T0003_C00493653,14.81293174
501,T0003_C00493702,117.521456
502,T0003_C00493761,165.5228895
503,T0003_C00493811,68.3808504
504,T0003_C00493907,15.38949102
505,T0003_C00493970,34.10956172
506,T0003_C00494030,27.86522968
507,T0003_C00494081,0.925758484
508,T0003_C00494135,2935.890864
509,T0003_C00494188,4094.062633
510,T0003_C00494240,6.806308475
511,T0003_C00494288,2980.283106
512,T0003_C00494333,1.701316118
513,T0003_C00494383,33.50815637
514,T0003_C00494480,4.483227461
515,T0003_C00494529,84.63906935
516,T0003_C00494581,167.7636167
517,T0003_C00494636,85.48311466
518,T0003_C00494687,133.9644315
519,T0003_C00494733,590.5011144
520,T0003_C00494783,19.10102141
521,T0003_C00494830,392.8221348
522,T0003_C00494886,1315.969012
523,T0003_C00494933,1009.304237
524,T0003_C00494984,38.31304688
525,T0003_C00495029,951.0209798
526,T0003_C00495076,34.22048469
527,T0003_C00495128,12.29143293
528,T0003_C00495171,528.4073349
529,T0003_C00495216,83.6379456
530,T0003_C00495266,176.6707811
531,T0003_C00495331,81.60684843
532,T0003_C00495378,2.70918367
533,T0003_C00495415,1721.96364
534,T0003_C00495469,3059.428433
535,T0003_C00495515,1141.597589
536,T0003_C00495551,161.6991493
537,T0003_C00495589,6.129741824
538,T0003_C00495650,249.999596
539,T0003_C00495682,217.2355573
540,T0003_C00495710,199.6563446
541,T0003_C00495750,4029.402307
542,T0003_C00495793,619.9078881
543,T0003_C00495828,173.635604
544,T0003_C00495870,320.3800523
545,T0003_C00495903,189.4943194
546,T0003_C00495955,1259.335571
547,T0003_C00496015,1907.265606
548,T0003_C00496082,17.36543181
549,T0003_C00496134,893.5070668
550,T0003_C00496175,181.14304
551,T0003_C00496213,195.148259
552,T0003_C00496256,397.0124694
553,T0003_C00496282,34.29640119
554,T0003_C00496319,970.9939555
555,T0003_C00496482,1.17634226
556,T0003_C00496620,1.071850008
557,T0003_C00496815,2.111620614
558,T0003_C00496864,1.072190936
559,T0003_C00598280,2.926230386
560,T0003_C00598394,1.575601203
561,T0003_C00598589,2.828148516
576,T0014_C00120540,15.7151843
577,T0014_C00120669,34.0490125
578,T0014_C00121290,4.312846378
579,T0014_C00121759,36.00982186
580,T0014_C00121944,66.47987533
581,T0014_C00122425,18.90211156
582,T0014_C00122471,9.895040987
583,T0014_C00122522,47.28817913
584,T0014_C00122619,16.57247795
585,T0014_C00122712,144.3601779
586,T0014_C00122761,11.68011826
587,T0014_C00122807,7.516174326
588,T0014_C00122851,78.23097015
589,T0014_C00122913,60.35053931
590,T0014_C00122957,13.32428335
591,T0014_C00123014,109.6232006
592,T0014_C00123092,14.48645478
593,T0014_C00123185,32.57662146
594,T0014_C00123283,78.47996375
595,T0014_C00123330,56.50514039
596,T0014_C00123398,51.7884889
597,T0014_C00123864,334.6816856
598,T0014_C00124652,118.1004611
599,T0014_C00124758,117.3809165
600,T0014_C00124869,223.9816019
601,T0014_C00124962,148.2395132
602,T0014_C00243814,67.10601666
603,T0014_C00243888,92.65419193
604,T0014_C00245386,35.51575584
605,T0014_C00245458,74.23034873
606,T0014_C00245969,261.7072292
607,T0014_C00246160,502.4289776
608,T0014_C00246564,234.2174491
609,T0014_C00247390,169.5292768
610,T0014_C00248057,71.72351124
611,T0014_C00248218,24.15070618
612,T0014_C00371354,7.884803788
613,T0014_C00371447,16.82465051
614,T0014_C00371503,21.69977249
615,T0014_C00371562,41.6303081
616,T0014_C00371650,152.4346742
617,T0014_C00371709,109.3847524
618,T0014_C00371764,34.50106548
619,T0014_C00371829,99.35602385
620,T0014_C00371953,260.0972113
621,T0014_C00372046,5.960345906
622,T0014_C00372154,252.2289336
623,T0014_C00372244,31.07670182
624,T0014_C00372296,32.63956028
625,T0014_C00372403,46.14082224
626,T0014_C00372459,29.50636138
627,T0014_C00372553,48.2566695
628,T0014_C00372598,111.1446655
629,T0014_C00372702,232.412793
630,T0014_C00372770,45.28798971
631,T0014_C00372816,45.27462133
632,T0014_C00372863,67.34787018
633,T0014_C00372918,106.7579194
634,T0014_C00372965,35.12670277
635,T0014_C00373017,184.8436879
636,T0014_C00373063,13.33545802
637,T0014_C00373106,21.27160038
638,T0014_C00373148,310.6768356
639,T0014_C00373199,224.9588579
640,T0014_C00373250,65.15453664
641,T0014_C00373315,164.5609395
642,T0014_C00373379,408.5950176
643,T0014_C00373429,58.41055992
644,T0014_C00373482,129.0108252
645,T0014_C00373531,559.9245344
646,T0014_C00373585,13.42427006
647,T0014_C00373649,330.6658443
648,T0014_C00373703,100.3907584
649,T0014_C00373784,15.4969272
650,T0014_C00373827,21.14721144
651,T0014_C00373888,515.3784249
652,T0014_C00373940,101.2855971
653,T0014_C00373992,67.42798508
654,T0014_C00374073,438.0569832
655,T0014_C00374124,23.38322083
656,T0014_C00374174,1155.87578
657,T0014_C00374226,693.7675451
658,T0014_C00374271,587.3259579
659,T0014_C00374356,3559.548661
660,T0014_C00374415,164.0478202
661,T0014_C00374464,30.44426241
662,T0014_C00374527,10.51253584
663,T0014_C00374574,232.7327598
664,T0014_C00374629,44.51149622
665,T0014_C00374707,49.55878651
666,T0014_C00374750,2530.065741
667,T0014_C00374807,107.3302245
668,T0014_C00374854,69.62329639
669,T0014_C00374952,51.71005972
670,T0014_C00375004,37.45174825
671,T0014_C00375093,1606.994676
672,T0014_C00493027,1262.076703
673,T0014_C00493078,410.4459222
674,T0014_C00493134,75.99187011
675,T0014_C00493183,137.0033212
676,T0014_C00493239,1364.547308
677,T0014_C00493294,189.0402888
678,T0014_C00493346,81.95937011
679,T0014_C00493398,31.35994262
680,T0014_C00493453,284.8544278
681,T0014_C00493510,240.0136364
682,T0014_C00493610,10.20278145
683,T0014_C00493653,34.63369598
684,T0014_C00493761,98.01906178
685,T0014_C00493858,21.5839529
686,T0014_C00493970,140.0901501
687,T0014_C00494030,89.9581306
688,T0014_C00494081,45.23960823
689,T0014_C00494135,98.69762602
690,T0014_C00494240,157.0750132
691,T0014_C00494288,562.3779456
692,T0014_C00494333,10.97898146
693,T0014_C00494383,37.67478846
694,T0014_C00494480,18.47379773
695,T0014_C00494529,152.8941876
696,T0014_C00494581,21.86703896
697,T0014_C00494636,52.00253191
698,T0014_C00494733,16.52925872
699,T0014_C00494783,40.73157259
700,T0014_C00494830,26.71187377
701,T0014_C00494886,82.17490408
702,T0014_C00494933,96.98699333
703,T0014_C00494984,175.8842054
704,T0014_C00495029,10.83777804
705,T0014_C00495076,10.72851786
706,T0014_C00495128,42.30593193
707,T0014_C00495171,49.795651
708,T0014_C00495266,9.225837659
709,T0014_C00495331,37.76867246
710,T0014_C00495378,54.5567875
730,T0015_C00120540,3402.82197
731,T0015_C00120594,3702.582446
732,T0015_C00120669,44435.96153
733,T0015_C00120786,2537.083366
734,T0015_C00120849,6313.724004
735,T0015_C00120936,3774.430976
736,T0015_C00121055,1338.92251
737,T0015_C00121142,5231.344578
738,T0015_C00121225,8988.927412
739,T0015_C00121290,12836.10373
740,T0015_C00121355,2794.138949
741,T0015_C00121408,1164.283521
742,T0015_C00121454,9603.809786
743,T0015_C00121510,7345.624607
744,T0015_C00121578,2303.092639
745,T0015_C00121647,4372.517781
746,T0015_C00121700,563.0204705
747,T0015_C00121759,3763.860277
748,T0015_C00121865,13.89484067
749,T0015_C00121944,7479.161207
750,T0015_C00121996,2097.441551
751,T0015_C00122057,4153.920705
752,T0015_C00122129,21638.13033
753,T0015_C00122174,2855.171369
754,T0015_C00122276,1670.056406
755,T0015_C00122365,6619.164677
756,T0015_C00122425,1979.903365
757,T0015_C00122471,1572.806964
758,T0015_C00122522,844.3953545
759,T0015_C00122568,688.961654
760,T0015_C00122619,1249.362631
761,T0015_C00122712,4180.791785
762,T0015_C00122761,1130.80114
763,T0015_C00122807,378.365094
764,T0015_C00122851,1678.17444
765,T0015_C00122913,17625.55853
766,T0015_C00122957,40.16869785
767,T0015_C00123014,4709.854305
768,T0015_C00123092,798.8532621
769,T0015_C00123137,1162.023965
770,T0015_C00123185,187.0790294
771,T0015_C00123226,859.5332897
772,T0015_C00123283,20724.30281
773,T0015_C00123330,313.4214509
774,T0015_C00123398,687.7287486
775,T0015_C00123466,4420.905384
776,T0015_C00123522,3569.497159
777,T0015_C00123562,279.5380605
778,T0015_C00123620,1421.068433
779,T0015_C00123663,194.6072656
780,T0015_C00123744,4726.10229
781,T0015_C00123864,25448.75907
782,T0015_C00123928,1832.239924
783,T0015_C00124056,44047.22292
784,T0015_C00124115,495.53094
785,T0015_C00124178,4208.158411
786,T0015_C00124220,11.87548525
787,T0015_C00124332,13746.66292
788,T0015_C00124459,14928.55295
789,T0015_C00124573,22472.56107
790,T0015_C00124652,20216.66815
791,T0015_C00124758,14463.98088
792,T0015_C00124869,41443.68898
793,T0015_C00124962,16865.64737
794,T0015_C00125025,7871.886077
795,T0015_C00125100,3900.778624
796,T0015_C00243814,6150.361934
797,T0015_C00243888,14392.95954
798,T0015_C00243947,2463.566832
799,T0015_C00244033,7341.710032
800,T0015_C00244144,6702.220259
801,T0015_C00244183,272.7575369
802,T0015_C00244230,720.591428
803,T0015_C00244270,56.53129529
804,T0015_C00244322,2920.868781
805,T0015_C00244406,22535.80543
806,T0015_C00244467,6677.303419
807,T0015_C00244500,489.8955047
808,T0015_C00244534,189.4631253
809,T0015_C00244572,310.7199896
810,T0015_C00244595,13.59224768
811,T0015_C00244630,24.2980027
812,T0015_C00244676,40.84073018
813,T0015_C00244709,644.6459627
814,T0015_C00244740,2.647972052
815,T0015_C00244778,316.7421093
816,T0015_C00244822,897.7793414
817,T0015_C00244900,59716.92795
818,T0015_C00245060,61.19397776
819,T0015_C00245109,278.6493474
820,T0015_C00245172,2044.393523
821,T0015_C00245239,5163.478283
822,T0015_C00245287,181.42753
823,T0015_C00245386,13148.28415
824,T0015_C00245458,4012.395658
825,T0015_C00245527,4968.647537
826,T0015_C00245616,1724.564422
827,T0015_C00245713,2043.887866
828,T0015_C00245838,190.1501379
829,T0015_C00245897,9869.534258
830,T0015_C00245969,12911.55844
831,T0015_C00246047,962.9019998
832,T0015_C00246160,62284.21465
833,T0015_C00246232,5448.842295
834,T0015_C00246324,3062.085229
835,T0015_C00246431,36403.08203
836,T0015_C00246564,78722.7542
837,T0015_C00246609,292.886241
838,T0015_C00246678,14065.61743
839,T0015_C00246732,800.185678
840,T0015_C00246784,581.2533842
841,T0015_C00246836,713.9822948
842,T0015_C00246894,3201.652683
843,T0015_C00246942,835.4702553
844,T0015_C00246995,13.47972085
845,T0015_C00247046,1107.734078
846,T0015_C00247072,277.1497071
847,T0015_C00247123,116.822808
848,T0015_C00247187,274.2067411
849,T0015_C00247226,13.16731922
850,T0015_C00247284,561.7662996
851,T0015_C00247328,525.1207593
852,T0015_C00247390,8866.409936
853,T0015_C00247444,15308.76706
854,T0015_C00247487,2250.934422
855,T0015_C00247548,6718.319644
856,T0015_C00247624,1854.861712
857,T0015_C00247718,4135.948288
858,T0015_C00247785,1638.064571
859,T0015_C00247838,772.4256868
860,T0015_C00247892,1908.350973
861,T0015_C00247942,541.5184882
862,T0015_C00247989,2531.014759
863,T0015_C00248057,4433.165047
864,T0015_C00248116,1327.951698
865,T0015_C00248166,364.8947435
866,T0015_C00248218,2418.525382
867,T0015_C00248255,1104.718888
868,T0015_C00370478,1078.250583
869,T0015_C00370543,6068.741296
870,T0015_C00370617,2079.783512
871,T0015_C00370667,2813.753603
872,T0015_C00370733,1378.022349
873,T0015_C00370793,567.6328775
874,T0015_C00370837,719.2999825
875,T0015_C00370884,910.0159307
876,T0015_C00370931,226.4591913
877,T0015_C00370976,178.8558492
878,T0015_C00371017,175.7877998
879,T0015_C00371050,7.346953431
880,T0015_C00371080,3.051298381
881,T0015_C00371133,437.9005868
882,T0015_C00371191,42.42111268
883,T0015_C00371258,865.3296807
884,T0015_C00371300,277.2394933
885,T0015_C00371354,755.9048024
886,T0015_C00371407,693.5869035
887,T0015_C00371447,176.165544
888,T0015_C00371503,965.4997855
889,T0015_C00371562,2291.492886
890,T0015_C00371650,4476.625652
891,T0015_C00371709,5075.852342
892,T0015_C00371764,3052.60486
893,T0015_C00371953,8530.457745
894,T0015_C00372046,873.2877775
895,T0015_C00372154,7115.690925
896,T0015_C00372244,585.4021905
897,T0015_C00372296,1560.278923
898,T0015_C00372403,1746.319226
899,T0015_C00372504,302.4729674
900,T0015_C00372553,1953.111446
901,T0015_C00372642,2190.380772
902,T0015_C00372702,2571.22852
903,T0015_C00372770,1338.144474
904,T0015_C00372816,588.1630291
905,T0015_C00372863,855.3035186
906,T0015_C00372918,6.091961777
907,T0015_C00372965,59.43922152
908,T0015_C00373017,520.7208168
909,T0015_C00373250,206.3786827
910,T0015_C00373315,2069.887018
911,T0015_C00373379,2431.523203
912,T0015_C00373429,470.4848252
913,T0015_C00373482,649.3394268
914,T0015_C00373531,553.9828658
915,T0015_C00373585,2273.110429
916,T0015_C00373649,824.9393113
917,T0015_C00373703,1469.560973
918,T0015_C00373784,781.7409207
919,T0015_C00373827,2.042749424
920,T0015_C00373888,9032.423757
921,T0015_C00373940,2954.653495
922,T0015_C00373992,1361.494447
923,T0015_C00374073,1523.765565
924,T0015_C00374124,715.3489514
925,T0015_C00374174,654.1821466
926,T0015_C00374271,899.2496635
927,T0015_C00374356,1634.827676
928,T0015_C00374415,482.0254904
929,T0015_C00374464,514.7823648
930,T0015_C00374527,298.8906881
931,T0015_C00374574,645.1003175
932,T0015_C00374629,412.6635746
933,T0015_C00374707,673.3759361
934,T0015_C00374807,4922.059372
935,T0015_C00374854,558.9497669
936,T0015_C00374903,17.27447133
937,T0015_C00374952,990.8848509
938,T0015_C00375004,795.443115
939,T0015_C00375018,0.137879736
940,T0015_C00375047,565.073299
941,T0015_C00375093,150.1725625
942,T0015_C00493346,318.08445
943,T0015_C00493398,469.5675318
944,T0015_C00493510,922.2056126
945,T0015_C00493558,247.1309041
946,T0015_C00493610,1159.786487
947,T0015_C00493653,1197.956613
948,T0015_C00493702,422.5815494
949,T0015_C00493761,3633.35915
950,T0015_C00493811,1396.807381
951,T0015_C00493858,619.092914
952,T0015_C00493970,5085.831555
953,T0015_C00494030,5075.160247
954,T0015_C00494081,1607.732233
955,T0015_C00494240,2079.660271
956,T0015_C00494333,1495.939953
957,T0015_C00494427,1449.999349
958,T0015_C00494480,3280.351315
959,T0015_C00494529,1269.29995
960,T0015_C00494581,565.1872584
961,T0015_C00494636,2632.145621
962,T0015_C00494687,772.5492569
963,T0015_C00494733,595.7466124
964,T0015_C00494783,1104.873969
965,T0015_C00494830,1498.618845
966,T0015_C00494886,2438.555263
967,T0015_C00494933,713.9965423
968,T0015_C00494984,2191.894395
969,T0015_C00495029,1339.587821
970,T0015_C00495076,1440.943937
971,T0015_C00495128,1828.890276
972,T0015_C00495171,810.6411487
973,T0015_C00495216,1128.541984
974,T0015_C00495266,490.3141829
975,T0015_C00495331,617.9655889
976,T0015_C00495378,501.1909408
977,T0015_C00495469,596.6356859
978,T0015_C00495515,106.5640655
979,T0015_C00495589,191.0952516
980,T0015_C00495650,330.6474651
981,T0015_C00495793,99.2265383
982,T0015_C00495828,4.887181863
983,T0015_C00495903,7.586039814
984,T0015_C00496082,77.06574362
985,T0015_C00496175,11.15033865
986,T0015_C00496213,31.66797291
987,T0015_C00496256,24.1348337
988,T0015_C00496319,38.62391783
989,T0015_C00496378,376.6914891
990,T0015_C00496482,6.038886252
991,T0015_C00496620,15.05364971
992,T0015_C00496662,199.7927893
993,T0015_C00496769,316.0608098
994,T0015_C00496815,6.627744812
995,T0015_C00496864,9.521462817
996,T0015_C00496914,223.852263
997,T0015_C00497240,63.67228158
998,T0015_C00497296,77.55233803
999,T0015_C00497347,67.69406101
1000,T0015_C00497513,1059.771781
1001,T0015_C00595049,453.1752741
1002,T0015_C00595324,436.6828259
1003,T0015_C00595368,106.8775074
1004,T0015_C00595437,0.994585651
1005,T0015_C00595550,62.20967633
1006,T0015_C00595894,495.5181159
1007,T0015_C00595947,125.280515
1008,T0015_C00596160,68.62228476
1009,T0015_C00596511,247.7345973
1010,T0015_C00596606,201.177924
1011,T0015_C00596653,112.7971485
1012,T0015_C00596698,127.034976
1013,T0015_C00596801,1.528800871
1014,T0015_C00596849,26.06486378
1015,T0015_C00597633,198.9463499
1016,T0015_C00598280,294.8487663
1017,T0015_C00598350,793.2644873
1018,T0015_C00598394,122.7687555
1019,T0015_C00598436,81.26882348
1020,T0015_C00598483,157.5603045
1021,T0015_C00598536,9.096660568
1022,T0015_C00598589,179.3598071
1035,T0019_C00371592,1391.493846
1036,T0019_C00371887,6137.791211
1037,T0019_C00371987,475.9707403
1038,T0019_C00372089,613.4804997
1039,T0019_C00372187,105.9973003
1040,T0019_C00372338,5886.799001
1041,T0020_C00120502,8.268981531
1042,T0020_C00120672,0.843479614
1043,T0020_C00120730,561.3877173
1044,T0020_C00120787,2.328739369
1045,T0020_C00120793,15.45968784
1046,T0020_C00121003,2900.234575
1047,T0020_C00121084,109.4289933
1048,T0020_C00121169,60.53304824
1049,T0020_C00121235,21.29013314
1050,T0020_C00121297,57.80429012
1051,T0020_C00121551,48.76433544
1052,T0020_C00121650,3.983421511
1053,T0020_C00121811,6137.167609
1054,T0020_C00121884,26.95410708
1055,T0020_C00122005,112.9007543
1056,T0020_C00122072,0.002018557
1057,T0020_C00122224,22.88739156
1058,T0020_C00122315,507.3374288
1059,T0020_C00122475,38.97235457
1060,T0020_C00122650,47.7077772
1061,T0020_C00123046,1333.545132
1062,T0020_C00123342,22.44238068
1063,T0020_C00123408,130.8497927
1064,T0020_C00123686,495.3200206
1065,T0020_C00123797,3085.445719
1066,T0020_C00123873,243.4178165
1067,T0020_C00123987,1427.550749
1068,T0020_C00124126,2.218936161
1069,T0020_C00124271,379.3132126
1070,T0020_C00124399,3140.252621
1071,T0020_C00124505,1842.227974
1072,T0020_C00124590,46.5993167
1073,T0020_C00124694,534.0029627
1074,T0020_C00124810,1734.598079
1075,T0020_C00124903,1204.459207
1076,T0020_C00124972,3.36033185
1077,T0020_C00125046,549.5001246
1078,T0020_C00243756,1148.429809
1079,T0020_C00243969,153.1708091
1080,T0020_C00244085,3516.783809
1081,T0020_C00244846,202.321697
1082,T0020_C00245908,40.84484137
1083,T0020_C00245994,278.9809381
1084,T0020_C00246095,384.1080912
1085,T0020_C00246163,0.286663082
1086,T0020_C00246171,26.45502235
1087,T0020_C00246264,17.82706598
1088,T0020_C00246371,804.2604653
1089,T0020_C00246492,13342.11818
1090,T0020_C00246619,234.8169969
1091,T0020_C00247658,6.259105383
1092,T0020_C00370487,51.82683544
1093,T0020_C00370557,56.81648908
1094,T0021_C00120502,71.71615831
1095,T0021_C00120672,4.981833557
1096,T0021_C00120730,2591.672813
1097,T0021_C00120787,4.103706635
1098,T0021_C00120793,47.55062255
1099,T0021_C00121003,6083.390455
1100,T0021_C00121084,1111.024689
1101,T0021_C00121169,450.2213717
1102,T0021_C00121235,89.35310696
1103,T0021_C00121297,216.4654402
1104,T0021_C00121551,140.2244676
1105,T0021_C00121650,22.86104582
1106,T0021_C00121811,21420.95853
1107,T0021_C00121884,150.5184504
1108,T0021_C00122005,228.3984783
1109,T0021_C00122072,0.004367231
1110,T0021_C00122224,57.71484357
1111,T0021_C00122315,1128.038991
1112,T0021_C00124126,4.30191912
1113,T0021_C00124271,3164.015929
1114,T0021_C00124399,12720.43871
1115,T0021_C00124505,8403.898671
1116,T0021_C00124590,299.3934199
1117,T0021_C00124694,1800.084809
1118,T0021_C00124810,4394.547084
1119,T0021_C00124903,9230.802962
1120,T0021_C00124972,20.3425137
1121,T0021_C00125046,3142.862464
1122,T0021_C00243756,7510.941888
1123,T0021_C00243969,240.3020532
1124,T0021_C00244085,11408.86959
1125,T0021_C00244352,1781.582108
1126,T0021_C00244846,373.0467473
1127,T0021_C00244907,402.0730003
1128,T0021_C00245908,103.6787006
1129,T0021_C00245994,702.0017552
1130,T0021_C00246095,2383.471007
1131,T0021_C00246163,0.604368977
1132,T0021_C00246171,199.6641205
1133,T0021_C00246264,36.07816328
1134,T0021_C00246371,4109.641879
1135,T0021_C00246492,16723.70659
1136,T0022_C00122475,163.4868559
1137,T0022_C00122650,177.7122195
1138,T0022_C00123046,2402.102453
1139,T0022_C00123342,67.39610697
1140,T0022_C00123408,139.5227939
1141,T0022_C00123686,209.8654916
1142,T0022_C00123797,2276.182272
1143,T0022_C00123873,22.45615313
1144,T0022_C00123987,2738.722181
1145,T0022_C00245115,95.30507696
1146,T0022_C00245324,1033.60287
1147,T0022_C00245469,142.7671345
1148,T0022_C00245566,8491.832154
1149,T0022_C00247658,37.04093354
1150,T0022_C00370487,15.38128751
1151,T0022_C00370557,8.872329793
1152,T0023_C00373730,349.6448064
1153,T0023_C00374013,3.339218025
1154,T0023_C00374303,15.91085592
1155,T0023_C00374495,6.806348562
1156,T0023_C00374654,199.7621144
1157,T0024_C00122619,5.662863023
1158,T0024_C00122712,20.90103795
1159,T0024_C00122761,2.61273167
1160,T0024_C00122807,6.189171487
1161,T0024_C00122851,14.14261969
1162,T0024_C00122913,49.70715478
1163,T0024_C00122957,6.577431788
1164,T0024_C00123014,44.2630618
1165,T0024_C00123185,6.425255543
1166,T0024_C00123283,49.31809382
1167,T0024_C00123330,7.17682275
1168,T0024_C00123398,5.639665632
1169,T0024_C00124652,26.31163723
1170,T0024_C00124758,41.62266098
1171,T0024_C00124869,203.0672121
1172,T0024_C00124962,40.52946412
1173,T0024_C00243814,12.48418012
1174,T0024_C00245458,19.75014252
1175,T0024_C00246564,39.696285
1176,T0024_C00248218,4.014057045
1177,T0024_C00371562,20.82887697
1178,T0024_C00371650,14.4616243
1179,T0024_C00371764,11.403357
1180,T0024_C00372046,4.412143457
1181,T0024_C00372244,3.607992103
1182,T0024_C00372702,98.78193717
1183,T0024_C00372918,166.960225
1184,T0024_C00373017,48.61906155
1185,T0024_C00373106,6.678511738
1186,T0024_C00373148,91.64422785
1187,T0024_C00373199,110.9873249
1188,T0024_C00373250,145.461974
1189,T0024_C00373315,2278.990282
1190,T0024_C00373379,2177.801483
1191,T0024_C00373429,286.4713592
1192,T0024_C00373482,1132.621646
1193,T0024_C00373531,191.7114136
1194,T0024_C00373585,106.6076621
1195,T0024_C00373649,5.62776478
1196,T0024_C00373703,137.4441737
1197,T0024_C00373784,48.09441104
1198,T0024_C00373888,584.1728968
1199,T0024_C00373940,141.1656023
1200,T0024_C00373992,1687.566455
1201,T0024_C00374073,8103.023372
1202,T0024_C00374124,475.7365261
1203,T0024_C00374174,220.4207573
1204,T0024_C00374226,1078.723729
1205,T0024_C00374271,8.080536028
1206,T0024_C00374356,1390.500243
1207,T0024_C00374415,855.7048525
1208,T0024_C00374464,680.924008
1209,T0024_C00374527,464.1256864
1210,T0024_C00374574,8.255333347
1211,T0024_C00374629,14.29235969
1212,T0024_C00374707,211.8881849
1213,T0024_C00374750,127.8842753
1214,T0024_C00374807,32.4798908
1215,T0024_C00374854,5.484550502
1216,T0024_C00374952,27.60782296
1217,T0024_C00375004,18.38770716
1218,T0024_C00375093,110.6488506
1219,T0024_C00493027,497.5822344
1220,T0024_C00493078,106.9265602
1221,T0024_C00493134,70.92381093
1222,T0024_C00493183,282.1208405
1223,T0024_C00493239,455.6602064
1224,T0024_C00493294,721.3185365
1225,T0024_C00493346,363.6738379
1226,T0024_C00493398,459.5965895
1227,T0024_C00493453,132.1455448
1228,T0024_C00493510,743.6086351
1229,T0024_C00493610,1.596104241
1230,T0024_C00493653,6.427053588
1231,T0024_C00493761,50.56687592
1232,T0024_C00493970,14.2032638
1233,T0024_C00494081,18.58901885
1234,T0024_C00494135,24.82654315
1235,T0024_C00494240,67.40466364
1236,T0024_C00494288,5.71798453
1237,T0024_C00494333,1.450890536
1238,T0024_C00494480,6.818048182
1239,T0024_C00494636,27.70644409
1240,T0024_C00494783,5.972623317
1241,T0024_C00494830,9.343072227
1242,T0024_C00494886,253.816511
1243,T0024_C00494933,8.628140871
1244,T0024_C00494984,131.8401289
1245,T0024_C00495029,5.552294239
1246,T0024_C00495076,0.379186265
1247,T0024_C00495128,23.87791867
1248,T0024_C00495171,8.641796741
1249,T0024_C00495331,7.111407305
1250,T0026_C00120936,340.7830635
1251,T0026_C00124332,422.3128048
1252,T0026_C00243888,57.04800036
1253,T0026_C00243947,258.6309027
1254,T0026_C00244033,1101.168536
1255,T0026_C00244144,263.0260348
1256,T0026_C00244183,189.0525651
1257,T0026_C00244230,540.1717864
1258,T0026_C00244322,37.46840197
1259,T0026_C00244406,1038.250273
1260,T0026_C00244467,4695.409992
1261,T0026_C00244500,308.4048639
1262,T0026_C00244534,131.7413758
1263,T0026_C00244572,31.18013064
1264,T0026_C00244595,3.505813256
1265,T0026_C00244630,3.067478637
1266,T0026_C00244778,215.5004587
1267,T0026_C00244822,1.672119068
1268,T0026_C00244900,926.3979915
1269,T0026_C00244959,96.41094644
1270,T0026_C00245008,42.85216905
1271,T0026_C00245060,142.4586301
1272,T0026_C00245109,115.7384382
1273,T0026_C00245791,60.06813733
1274,T0026_C00246324,288.7061692
1275,T0026_C00246431,2362.892028
1276,T0026_C00247390,300.187412
1277,T0026_C00247444,695.7043347
1278,T0026_C00247487,22.49417512
1279,T0026_C00370884,37.95054332
1280,T0026_C00370931,64.71626632
1281,T0026_C00370976,10.89569126
1282,T0026_C00371017,81.8737773
1283,T0026_C00371133,173.4441677
1284,T0026_C00371258,606.982373
1285,T0026_C00496378,4652.8041
1286,T0026_C00496430,547.5654916
1287,T0026_C00496482,264.0344493
1288,T0026_C00496576,676.6939421
1289,T0026_C00496620,169.7575031
1290,T0026_C00496662,135.7463436
1291,T0026_C00496715,839.0628594
1292,T0026_C00496769,873.975423
1293,T0026_C00496815,71.75381381
1294,T0026_C00496864,132.2417681
1295,T0026_C00496914,53.09396661
1296,T0026_C00496975,458.5947915
1297,T0026_C00497029,158.0698972
1298,T0026_C00497186,96.92346919
1299,T0026_C00497240,368.0401376
1300,T0026_C00497347,618.3985046
1301,T0026_C00497398,506.7047371
1302,T0026_C00497513,1517.716068
1303,T0026_C00594864,893.0850775
1304,T0026_C00594966,1116.750541
1305,T0026_C00595049,8701.814976
1306,T0026_C00595147,3903.000699
1307,T0026_C00595228,1321.110058
1308,T0026_C00595282,10.8959902
1309,T0026_C00595368,9.314264227
1310,T0026_C00595408,189.3822596
1311,T0026_C00595491,6.079069437
1312,T0026_C00595550,22.23629396
1313,T0026_C00595665,18.84972725
1314,T0026_C00595723,10658.71101
1315,T0026_C00595803,8470.320699
1316,T0026_C00595894,1841.43745
1317,T0026_C00595947,256.3637634
1318,T0026_C00596005,2345.153095
1319,T0026_C00596103,39210.52433
1320,T0026_C00596160,409.0876087
1321,T0026_C00596234,749.8122867
1322,T0026_C00596331,1912.411847
1323,T0026_C00596395,18095.69011
1324,T0026_C00596458,2694.770815
1325,T0026_C00596511,284.5691975
1326,T0026_C00596572,76.41281088
1327,T0026_C00596606,146.0829262
1328,T0026_C00596653,380.1767591
1329,T0026_C00596698,210.2555648
1330,T0026_C00596750,301.6312331
1331,T0026_C00596801,626.4138502
1332,T0026_C00596849,125.0149407
1333,T0026_C00596905,364.4257985
1334,T0026_C00596963,664.4521426
1335,T0026_C00597036,3295.956575
1336,T0026_C00597124,1217.28857
1337,T0026_C00597181,160.710615
1338,T0026_C00597252,246.2322534
1339,T0026_C00597310,332.8654474
1340,T0026_C00597379,575.7834084
1341,T0026_C00597633,2382.664007
1342,T0026_C00597742,274.1572925
1343,T0026_C00597800,91.43445098
1344,T0026_C00597859,269.2541508
1345,T0026_C00597986,840.594525
1346,T0026_C00598041,834.749335
1347,T0026_C00598125,946.9741802
1348,T0026_C00598168,10.60764771
1349,T0026_C00598226,186.9976185
1350,T0026_C00598280,41.8750578
1351,T0026_C00598350,2173.261003
1352,T0026_C00598394,15.59643599
1353,T0026_C00598436,146.9342218
1354,T0026_C00598483,170.6701145
1355,T0026_C00598536,202.2524775
1356,T0026_C00598589,1.76931412
1374,T0028_C00246942,89.34101438
1375,T0028_C00246995,177.3197843
1376,T0028_C00247046,76.99499698
1377,T0028_C00247072,1040.742896
1378,T0028_C00247123,2390.539572
1379,T0028_C00247187,89.04958671
1380,T0028_C00247226,7687.193565
1381,T0028_C00247284,1830.572105
1382,T0028_C00247838,97.36925664
1383,T0028_C00370793,39.70247223
1384,T0028_C00370837,80.7516846
1385,T0028_C00371354,75.11563363
1386,T0028_C00371407,29.52868174
1387,T0028_C00371447,43.67637029
1388,T0028_C00372863,1025.437206
1389,T0028_C00372918,2107.459827
1390,T0028_C00373017,970.4289956
1391,T0028_C00373106,516.5541348
1392,T0028_C00494529,291.741006
1393,T0028_C00495076,368.548314
1394,T0028_C00495128,403.6373454
1395,T0028_C00495266,152.7802498
1396,T0028_C00495331,619.1643525
1397,T0028_C00495378,419.0638214
1398,T0028_C00495415,6945.374756
1399,T0028_C00495469,7620.854114
1400,T0028_C00495515,2272.239885
1401,T0028_C00495551,1953.683725
1402,T0028_C00495589,22016.31046
1403,T0028_C00495615,416.792603
1404,T0028_C00495650,2754.677724
1405,T0028_C00495682,1359.149514
1406,T0028_C00495710,893.5964892
1407,T0028_C00495750,11365.42231
1408,T0028_C00495793,1711.372431
1409,T0028_C00495828,1087.867239
1410,T0028_C00495870,2081.977971
1411,T0028_C00495903,1260.248868
1412,T0028_C00495955,6433.029916
1413,T0028_C00496015,7569.777238
1414,T0028_C00496082,2965.07941
1415,T0028_C00496134,7039.867221
1416,T0028_C00496175,1680.986983
1417,T0028_C00496213,955.419475
1418,T0028_C00496256,7846.834983
1419,T0028_C00496282,594.1202267
1420,T0028_C00496319,8181.60753
1426,T0029_C00123620,7.637706351
1427,T0029_C00123663,1.470821576
1428,T0029_C00246942,188.5664597
1429,T0029_C00246995,583.020531
1430,T0029_C00247046,527.4144927
1431,T0029_C00247123,1528.307867
1432,T0029_C00247187,72.83706177
1433,T0029_C00247226,10.19481559
1434,T0029_C00247284,864.6850632
1435,T0029_C00247328,246.7965048
1436,T0029_C00247838,234.9153095
1437,T0029_C00370478,451.3104238
1438,T0029_C00370543,221.7344172
1439,T0029_C00370617,300.6019832
1440,T0029_C00370733,125.5138664
1441,T0029_C00370793,172.2155919
1442,T0029_C00370837,68.99322731
1443,T0029_C00371354,1312.828849
1444,T0029_C00371407,1105.675904
1445,T0029_C00371447,377.6508739
1446,T0029_C00371503,516.4985502
1447,T0029_C00374807,211.3184122
1448,T0029_C00374854,41.1879046
1449,T0029_C00374903,2.364725
1450,T0029_C00375004,396.3463892
1451,T0029_C00493558,121.9415141
1452,T0029_C00493610,193.1253299
1453,T0029_C00493653,21.02463437
1454,T0029_C00493702,0.632609052
1455,T0029_C00493761,185.5548196
1456,T0029_C00493811,321.7045601
1457,T0029_C00494333,50.14496918
1458,T0029_C00494529,116.9501589
1459,T0029_C00494581,107.7370667
1460,T0029_C00494636,169.3773251
1461,T0029_C00494687,316.814539
1462,T0029_C00495029,1.79397835
1463,T0029_C00495076,50.62327645
1464,T0029_C00495216,86.76432527
1465,T0029_C00495266,28.82026983
1466,T0029_C00495331,238.2014183
1467,T0029_C00495378,102.0354471
1468,T0029_C00495469,19.84083495
1469,T0029_C00495551,64.43515798
1470,T0029_C00495750,191.1251568
1471,T0029_C00495793,44.8721729
1472,T0029_C00495903,690.9440993
1473,T0029_C00495955,1149.740085
1474,T0029_C00496015,54.88273177
1475,T0029_C00496082,518.663653
1476,T0029_C00496134,1699.097326
1477,T0029_C00496175,377.8165473
1478,T0029_C00496213,298.9603778
1479,T0029_C00496256,966.3777267
1480,T0029_C00496319,273.2276028
1497,T0030_C00120540,341.5940006
1498,T0030_C00120594,492.4797612
1499,T0030_C00120669,15861.23903
1500,T0030_C00120786,659.9963932
1501,T0030_C00120849,889.0775881
1502,T0030_C00120936,1593.263153
1503,T0030_C00121055,100.8740409
1504,T0030_C00121142,575.2035564
1505,T0030_C00121225,1831.967122
1506,T0030_C00121290,1938.722171
1507,T0030_C00121355,211.5561683
1508,T0030_C00121408,77.42263004
1509,T0030_C00121454,826.8527366
1510,T0030_C00121510,1911.495292
1511,T0030_C00121578,189.5854823
1512,T0030_C00121647,1230.682866
1513,T0030_C00121700,100.176028
1514,T0030_C00121759,384.4676538
1515,T0030_C00121944,895.9677705
1516,T0030_C00121996,457.7562836
1517,T0030_C00122057,418.191725
1518,T0030_C00122129,1537.46142
1519,T0030_C00122174,126.413768
1520,T0030_C00122276,112.251378
1521,T0030_C00122365,695.030109
1522,T0030_C00122425,53.27695417
1523,T0030_C00122471,12.15768157
1524,T0030_C00122522,11.64655356
1525,T0030_C00122568,67.74695068
1526,T0030_C00122619,63.86739504
1527,T0030_C00122712,180.2705307
1528,T0030_C00122761,15.76171274
1529,T0030_C00122807,24.3311699
1530,T0030_C00122851,91.52842276
1531,T0030_C00122913,346.4059117
1532,T0030_C00122957,0.675932016
1533,T0030_C00123014,184.6858742
1534,T0030_C00123092,29.35915325
1535,T0030_C00123137,23.37694254
1536,T0030_C00123185,11.51939826
1537,T0030_C00123226,56.47531744
1538,T0030_C00123283,1056.607009
1539,T0030_C00123330,79.18456152
1540,T0030_C00123398,16.88268381
1541,T0030_C00123466,108.2571232
1542,T0030_C00123522,295.4863551
1543,T0030_C00123562,385.4556219
1544,T0030_C00123620,1295.644979
1545,T0030_C00123663,771.5328851
1546,T0030_C00123744,12.76031053
1547,T0030_C00123864,13.22845308
1548,T0030_C00123928,3.136049137
1549,T0030_C00124056,16.10633515
1550,T0030_C00124115,5835.516718
1551,T0030_C00124178,309.8531073
1552,T0030_C00124220,1.301980408
1553,T0030_C00124332,30.21574105
1554,T0030_C00124459,779.1851517
1555,T0030_C00124573,41.57197753
1556,T0030_C00124652,48.00560227
1557,T0030_C00124758,26.62121596
1558,T0030_C00124869,66.30699795
1559,T0030_C00124962,49.09351813
1560,T0030_C00125025,24.92790461
1561,T0030_C00125100,6.187583781
1562,T0030_C00243814,810.5318383
1563,T0030_C00243888,580.7988775
1564,T0030_C00243947,972.4436507
1565,T0030_C00244033,1712.706431
1566,T0030_C00244144,1512.773505
1567,T0030_C00244183,1207.335611
1568,T0030_C00244230,218.6518954
1569,T0030_C00244270,62.17529761
1570,T0030_C00244322,1281.06065
1571,T0030_C00244406,240.4145349
1572,T0030_C00244467,201.1522549
1573,T0030_C00244500,12.64656943
1574,T0030_C00244534,147.5212114
1575,T0030_C00244572,4.503620877
1576,T0030_C00244595,362.4305527
1577,T0030_C00244630,20.5626739
1578,T0030_C00244709,15.54386437
1579,T0030_C00244778,300.3350231
1580,T0030_C00244822,199.4122422
1581,T0030_C00244900,20944.01817
1582,T0030_C00244959,1310.602824
1583,T0030_C00245008,1636.696195
1584,T0030_C00245060,1091.908705
1585,T0030_C00245109,382.8872558
1586,T0030_C00245172,1295.358594
1587,T0030_C00245239,1576.997196
1588,T0030_C00245287,2049.256008
1589,T0030_C00245386,3077.476856
1590,T0030_C00245458,3.148977938
1591,T0030_C00245527,576.5678837
1592,T0030_C00245616,3812.695035
1593,T0030_C00245656,407.0307461
1594,T0030_C00245713,3572.897656
1595,T0030_C00245759,288.9654533
1596,T0030_C00245791,84.17303367
1597,T0030_C00245838,971.7237198
1598,T0030_C00245897,688.465565
1599,T0030_C00245969,1267.172418
1600,T0030_C00246047,186.028489
1601,T0030_C00246160,6466.23331
1602,T0030_C00246232,1089.000071
1603,T0030_C00246324,745.4451282
1604,T0030_C00246431,3633.525079
1605,T0030_C00246564,5629.789632
1606,T0030_C00246609,630.4278409
1607,T0030_C00246678,4.169602866
1608,T0030_C00246732,3643.371448
1609,T0030_C00246784,982.1075516
1610,T0030_C00246836,1431.612471
1611,T0030_C00246894,1060.109685
1612,T0030_C00246942,5211.046521
1613,T0030_C00246995,828.3767301
1614,T0030_C00247046,2072.917788
1615,T0030_C00247072,137.1805836
1616,T0030_C00247123,1945.264839
1617,T0030_C00247187,3397.903518
1618,T0030_C00247226,1930.764035
1619,T0030_C00247284,2.660386895
1620,T0030_C00247328,235.5223453
1621,T0030_C00247390,5025.133706
1622,T0030_C00247444,9073.59517
1623,T0030_C00247487,2434.173126
1624,T0030_C00247548,596.4863088
1625,T0030_C00247624,247.2408047
1626,T0030_C00247718,291.3309101
1627,T0030_C00247785,3138.457712
1628,T0030_C00247838,2.997279316
1629,T0030_C00247892,252.2775428
1630,T0030_C00247942,973.3262134
1631,T0030_C00247989,837.060233
1632,T0030_C00248057,1.925599228
1633,T0030_C00248116,2.410814091
1634,T0030_C00248166,1673.216046
1635,T0030_C00248218,0.964861503
1636,T0030_C00248255,1686.480387
1637,T0030_C00370478,2620.763771
1638,T0030_C00370543,5.101153517
1639,T0030_C00370617,2394.188733
1640,T0030_C00370667,920.1354891
1641,T0030_C00370733,2.196835955
1642,T0030_C00370793,2.197580648
1643,T0030_C00370837,3.170945828
1644,T0030_C00370884,1534.594674
1645,T0030_C00370931,1332.013338
1646,T0030_C00370976,11.84590454
1647,T0030_C00371017,176.2785689
1648,T0030_C00371050,7.38635913
1649,T0030_C00371133,1533.832336
1650,T0030_C00371191,22.83270093
1651,T0030_C00371258,6.842669559
1652,T0030_C00371300,39.25597311
1653,T0030_C00371354,200.8183517
1654,T0030_C00373017,1421.669773
1655,T0030_C00373106,535.1060071
1656,T0030_C00373148,611.5236678
1657,T0030_C00373199,412.9419493
1658,T0030_C00373531,411.4967651
1659,T0030_C00374629,579.6312985
1660,T0030_C00374807,0.482107267
1661,T0030_C00374854,2253.216483
1662,T0030_C00374952,1543.940322
1663,T0030_C00375004,0.386018261
1664,T0030_C00375047,4219.821726
1665,T0030_C00493027,2300.452238
1666,T0030_C00493078,90.60225226
1667,T0030_C00493183,379.1584801
1668,T0030_C00493294,284.7764853
1669,T0030_C00493453,0.745775565
1670,T0030_C00493558,630.0284098
1671,T0030_C00493702,121.1444148
1672,T0030_C00494288,78.21217663
1673,T0030_C00494383,1536.761482
1674,T0030_C00494783,3789.283943
1675,T0030_C00494830,3753.74857
1676,T0030_C00494886,2808.489882
1677,T0030_C00494933,1683.856777
1678,T0030_C00494984,4146.928646
1679,T0030_C00495750,154.2046756
1680,T0030_C00495870,48.31550564
1681,T0030_C00496175,386.2031031
1682,T0030_C00596511,251.807503
1683,T0030_C00596572,84.59176173
1684,T0030_C00596653,36.19177517
1685,T0030_C00596698,86.09629261
1686,T0030_C00596750,85.57192796
1687,T0030_C00596801,255.1016621
1688,T0030_C00596849,149.3494814
1689,T0030_C00597036,676.4106442
1714,T0031_C00121290,1758.539147
1715,T0031_C00121510,668.3223056
1716,T0031_C00122057,265.3446206
1717,T0031_C00122129,1059.3551
1718,T0031_C00122174,416.02421
1719,T0031_C00123744,59.54713456
1720,T0031_C00124056,374.8086569
1721,T0031_C00124332,579.3238444
1722,T0031_C00124459,776.3749903
1723,T0031_C00124573,1442.887746
1724,T0031_C00124652,1235.959029
1725,T0031_C00124758,531.7661625
1726,T0031_C00124869,1084.288317
1727,T0031_C00124962,799.3043858
1728,T0031_C00125025,339.6498081
1729,T0031_C00125100,241.7644637
1730,T0031_C00243814,696.9331175
1731,T0031_C00245172,236.7943862
1732,T0031_C00245239,96.3204419
1733,T0031_C00245386,271.4832717
1734,T0031_C00245458,125.1302474
1735,T0031_C00245527,188.5589617
1736,T0031_C00245897,576.7283285
1737,T0031_C00245969,1274.004812
1738,T0031_C00246160,3178.184889
1739,T0031_C00246324,53.39811977
1740,T0031_C00246431,183.1182
1741,T0031_C00246678,330.4467328
1742,T0031_C00248057,1983.192625
1743,T0031_C00598394,33.63368427
1744,T0039_C00595741,92.99126334
1745,T0039_C00595950,8.413671476
1746,T0039_C00596040,355.29935
1747,T0039_C00596183,67.48937761
1748,T0039_C00596277,500.204706
1749,T0039_C00596340,73.03748002
1750,T0039_C00596405,28.52731555
1751,T0039_C00597062,200.6816802
1752,T0039_C00597188,2.711396892
1753,T0039_C00597319,79.09223118
1754,T0039_C00597495,126.2905469
1755,T0039_C00597579,381.9277509
1756,T0039_C00597681,5646.955576
1757,T0039_C00597884,76.16926282
1758,T0039_C00598068,221.7822282
1759,T0040_C00244230,778.6881892
1760,T0040_C00244406,168.6211207
1761,T0040_C00244467,836.2776374
1762,T0040_C00244500,511.5735561
1763,T0040_C00244534,106.2739492
1764,T0040_C00244572,327.2806617
1765,T0040_C00244595,76.05654407
1766,T0040_C00244630,116.3808566
1767,T0040_C00244676,10.38328746
1768,T0040_C00244709,1639.991414
1769,T0040_C00244740,0.742144842
1770,T0040_C00244822,10.59389103
1771,T0040_C00244900,440.6283945
1772,T0040_C00244959,266.7372871
1773,T0040_C00245008,309.3665779
1774,T0040_C00245060,425.9655662
1775,T0040_C00245109,177.5811482
1776,T0040_C00245656,139.4749362
1777,T0040_C00245713,704.8204201
1778,T0040_C00245759,34.22364815
1779,T0040_C00245791,5.92266815
1780,T0040_C00245838,366.4680372
1781,T0040_C00247390,4195.553369
1782,T0040_C00247444,5140.486129
1783,T0040_C00247487,1470.583214
1784,T0040_C00370884,3.274335156
1785,T0040_C00370931,47.60696823
1786,T0040_C00370976,37.91784962
1787,T0040_C00371258,1764.692296
1788,T0040_C00371300,40.32737041
1789,T0040_C00496378,7036.65542
1790,T0040_C00496430,3871.732556
1791,T0040_C00496482,1281.382132
1792,T0040_C00496522,294.7527821
1793,T0040_C00496576,4052.34479
1794,T0040_C00496620,531.6003983
1795,T0040_C00496662,604.2176637
1796,T0040_C00496715,9540.202592
1797,T0040_C00496769,4823.719491
1798,T0040_C00496815,990.1643252
1799,T0040_C00496864,795.4584427
1800,T0040_C00496914,1732.646813
1801,T0040_C00496975,3271.000173
1802,T0040_C00497029,1061.494413
1803,T0040_C00497085,2316.655428
1804,T0040_C00497136,355.2015607
1805,T0040_C00497186,366.6987867
1806,T0040_C00497240,3122.49025
1807,T0040_C00497296,1263.787839
1808,T0040_C00497347,2742.443999
1809,T0040_C00497398,1979.166817
1810,T0040_C00497513,8185.354361
1811,T0040_C00594864,1704.899415
1812,T0040_C00594966,885.5925549
1813,T0040_C00595049,16291.92923
1814,T0040_C00595147,5883.033977
1815,T0040_C00595228,5708.745533
1816,T0040_C00595282,1748.934519
1817,T0040_C00595324,464.2987015
1818,T0040_C00595368,315.7755158
1819,T0040_C00595408,669.4546254
1820,T0040_C00595437,354.5647252
1821,T0040_C00595491,3735.600451
1822,T0040_C00595550,2579.836234
1823,T0040_C00595613,3085.697852
1824,T0040_C00595665,3370.528037
1825,T0040_C00595723,11015.57151
1826,T0040_C00595803,17915.65357
1827,T0040_C00595894,2387.197053
1828,T0040_C00595947,1459.3807
1829,T0040_C00596005,5650.627285
1830,T0040_C00596103,75352.01608
1831,T0040_C00596160,1361.767717
1832,T0040_C00596234,3439.201422
1833,T0040_C00596331,1805.814611
1834,T0040_C00596395,26555.94328
1835,T0040_C00596458,1861.917657
1836,T0040_C00596511,453.6585243
1837,T0040_C00596572,389.9507558
1838,T0040_C00596606,262.2896647
1839,T0040_C00596653,1075.290623
1840,T0040_C00596698,824.3719726
1841,T0040_C00596750,739.5073168
1842,T0040_C00596801,1024.44834
1843,T0040_C00596849,555.4430903
1844,T0040_C00596905,732.3622409
1845,T0040_C00596963,1336.189531
1846,T0040_C00597036,3275.937822
1847,T0040_C00597124,9425.344318
1848,T0040_C00597181,1358.819975
1849,T0040_C00597252,6806.864778
1850,T0040_C00597310,1502.24107
1851,T0040_C00597379,11487.9917
1852,T0040_C00597428,2103.717634
1853,T0040_C00597486,2811.430809
1854,T0040_C00597550,6992.420909
1855,T0040_C00597742,9507.115835
1856,T0040_C00597800,1467.83957
1857,T0040_C00597859,2765.739102
1858,T0040_C00597931,5399.307897
1859,T0040_C00597986,5120.066708
1860,T0040_C00598041,3860.470326
1861,T0040_C00598125,5371.399683
1862,T0040_C00598168,1262.364743
1863,T0040_C00598226,2430.533406
1864,T0040_C00598280,1023.274043
1865,T0040_C00598350,2044.60334
1866,T0040_C00598394,473.9784332
1867,T0040_C00598436,557.7198774
1868,T0040_C00598483,1201.619198
1869,T0040_C00598536,251.2184074
1870,T0040_C00598589,675.7949152
1881,T0041_C00497449,3930.649923
1882,T0041_C00497516,2.839566825
1883,T0041_C00594913,2893.883468
1884,T0041_C00594989,34.35046503
1885,T0041_C00595091,3902.804538
1886,T0041_C00595171,547.9303281
1887,T0041_C00595741,121.3713283
1888,T0041_C00595837,355.5990904
1889,T0041_C00595950,140.2469888
1890,T0041_C00596040,931.470411
1891,T0041_C00596183,37.30413142
1892,T0041_C00596277,1377.512973
1893,T0041_C00596340,280.9912724
1894,T0041_C00596405,116.4087351
1895,T0041_C00596907,120.2456779
1896,T1001_C00247838,18.34995649
1897,T1001_C00247989,25.70562064
1898,T1001_C00370543,1.569517855
1899,T1001_C00371354,117.1588891
1900,T1001_C00371562,74.81559119
1901,T1001_C00371650,13162.34533
1902,T1001_C00371709,8453.954535
1903,T1001_C00371764,8585.02497
1904,T1001_C00371829,12866.4974
1905,T1001_C00371953,16670.32371
1906,T1001_C00372046,7580.589582
1907,T1001_C00372154,23435.05919
1908,T1001_C00372244,965.5293793
1909,T1001_C00372296,7172.416037
1910,T1001_C00372403,3579.633149
1911,T1001_C00372459,3037.392988
1912,T1001_C00372504,1112.068567
1913,T1001_C00372553,4844.821644
1914,T1001_C00372598,5114.112193
1915,T1001_C00372642,489.1235687
1916,T1001_C00372702,8831.560016
1917,T1001_C00372770,3186.218048
1918,T1001_C00372816,334.0178391
1919,T1001_C00372863,62.01440407
1920,T1001_C00372918,2056.279252
1921,T1001_C00372965,365.6190415
1922,T1001_C00373017,268.8645111
1923,T1001_C00373063,906.6000519
1924,T1001_C00373106,56.15742212
1925,T1001_C00373148,200.5450171
1926,T1001_C00373429,60.32563484
1927,T1001_C00373482,1362.311758
1928,T1001_C00375093,264.8535434
1929,T1001_C00493134,2427.48586
1930,T1001_C00493239,3337.293402
1931,T1001_C00493294,866.5122992
1932,T1001_C00493346,164.1787409
1933,T1001_C00493398,1330.145495
1934,T1001_C00493453,3694.869431
1935,T1001_C00493510,2311.242015
1936,T1001_C00493858,5929.674794
1937,T1001_C00493907,1491.618772
1938,T1001_C00493970,7446.299089
1939,T1001_C00494081,7365.018029
1940,T1001_C00494135,4591.598042
1941,T1001_C00494188,2365.567481
1942,T1001_C00494240,1953.98529
1943,T1001_C00494333,3246.717488
1944,T1001_C00494383,1192.236549
1945,T1001_C00494636,866.3145297
1946,T1001_C00494687,647.8696854
1947,T1001_C00494733,868.4921377
1948,T1001_C00495076,262.6999836
1949,T1001_C00495128,2065.375184
1950,T1001_C00495216,1455.102691
1951,T1001_C00495331,711.559596
1952,T1001_C00495378,685.9746208
1953,T1002_C00123620,239.8243093
1954,T1002_C00123744,59.48522488
1955,T1002_C00124056,582.7490894
1956,T1002_C00124115,7.986466269
1957,T1002_C00124332,70.19756377
1958,T1002_C00124962,849.4966095
1959,T1002_C00245458,223.7548574
1960,T1002_C00246678,621.8974327
1961,T1002_C00246732,1.859413708
1962,T1002_C00246784,3.022831851
1963,T1002_C00246836,1.046319087
1964,T1002_C00246942,554.9836914
1965,T1002_C00246995,666.5210948
1966,T1002_C00247046,490.8679444
1967,T1002_C00247123,1.42740009
1968,T1002_C00247187,666.9172478
1969,T1002_C00247226,161.3034575
1970,T1002_C00247284,3238.121123
1971,T1002_C00247328,10.00876065
1972,T1002_C00247785,1.954020691
1973,T1002_C00247838,257.2690936
1974,T1002_C00248057,29.53349505
1975,T1002_C00248116,2.332186332
1976,T1002_C00248218,12.06480254
1977,T1002_C00370478,92.38535469
1978,T1002_C00370543,2015.750262
1979,T1002_C00371354,317.4455992
1980,T1002_C00371447,7.683818136
1981,T1002_C00371709,3.41809542
1982,T1002_C00371764,2.286125027
1983,T1002_C00372296,3.89593335
1984,T1002_C00372504,8.118278065
1985,T1002_C00372553,4.347897029
1986,T1002_C00372598,0.226094337
1987,T1002_C00372863,1.671423323
1988,T1002_C00373063,0.705825965
1989,T1002_C00374952,1.745204041
1990,T1002_C00375004,3106.780991
1991,T1002_C00493558,106.419642
1992,T1002_C00493610,107.9201917
1993,T1002_C00493653,1379.223594
1994,T1002_C00493761,1476.489381
1995,T1002_C00493811,240.0913808
1996,T1002_C00493907,3.168822212
1997,T1002_C00493970,23.10538208
1998,T1002_C00494081,0.190234208
1999,T1002_C00494240,2.60684571
2000,T1002_C00494333,0.916569948
2001,T1002_C00494383,12.49356924
2002,T1002_C00494480,2.955783954
2003,T1002_C00494636,1313.597161
2004,T1002_C00494687,16.75673017
2005,T1002_C00495128,4.747928325
2006,T1002_C00495378,0.763873823
2007,T1002_C00496082,227.0483819
2008,T1003_C00120540,1.844807659
2009,T1003_C00121759,4.400334616
2010,T1003_C00121944,7.371414268
2011,T1003_C00122425,12.46576071
2012,T1003_C00122471,3.717345707
2013,T1003_C00122522,36.25731456
2014,T1003_C00123092,6.383817966
2015,T1003_C00123864,94.64032815
2016,T1003_C00245386,15.46871554
2017,T1003_C00246160,143.3917296
2018,T1003_C00248057,19.74108834
2019,T1003_C00371354,2.969350894
2020,T1003_C00371447,8.494709854
2021,T1003_C00371503,7.675253641
2022,T1003_C00371709,17.71209797
2023,T1003_C00371829,46.15943415
2024,T1003_C00371953,53.96492235
2025,T1003_C00372154,73.49084856
2026,T1003_C00372296,8.42633691
2027,T1003_C00372403,13.49122175
2028,T1003_C00372459,7.85700021
2029,T1003_C00372598,9.256959637
2030,T1003_C00372702,15.38370152
2031,T1003_C00372918,2283.271017
2032,T1003_C00373063,10.51591671
2033,T1003_C00373106,26.54476617
2034,T1003_C00373199,85.95383893
2035,T1003_C00373429,49.6850476
2036,T1003_C00373482,71.40684329
2037,T1003_C00373703,41.21811892
2038,T1003_C00373784,43.30778916
2039,T1003_C00373888,30.13965707
2040,T1003_C00373940,45.98616207
2041,T1003_C00373992,55.27512452
2042,T1003_C00374073,214.1988477
2043,T1003_C00374124,19.43195586
2044,T1003_C00374226,22.13611984
2045,T1003_C00374356,33.34353991
2046,T1003_C00374415,44.50419196
2047,T1003_C00374464,13.17232322
2048,T1003_C00374527,5.276216241
2049,T1003_C00374629,19.55051129
2050,T1003_C00374707,852.0588039
2051,T1003_C00374750,9.251655626
2052,T1003_C00493027,4.750818871
2053,T1003_C00493078,40.06294018
2054,T1003_C00493183,5.623647949
2055,T1003_C00493239,69.16416723
2056,T1003_C00493294,11.17969097
2057,T1003_C00493346,42.39080173
2058,T1003_C00493398,21.32069626
2059,T1003_C00493510,83.12702191
2060,T1003_C00493858,10.26199386
2061,T1003_C00494030,46.69067242
2062,T1003_C00494383,5.191652534
2063,T1003_C00494529,19.07849511
2064,T1003_C00494581,12.31543581
2065,T1003_C00494733,5.523541956
2066,T1004_C00244822,137.7133913
2067,T1004_C00244900,7322.358288
2068,T1004_C00247390,1011.518983
2069,T1004_C00247444,336.3678714
2070,T1004_C00247487,32.54728344
2071,T1004_C00496430,881.6394636
2072,T1004_C00496662,7.585593849
2073,T1004_C00496864,452.7858194
2074,T1004_C00497513,2344.998263
2075,T1004_C00594864,609.563255
2076,T1004_C00594966,237.2642457
2077,T1004_C00595049,5496.684714
2078,T1004_C00595147,1904.020824
2079,T1004_C00595228,1561.820908
2080,T1004_C00595723,7350.286987
2081,T1004_C00595803,8888.407604
2082,T1004_C00595894,1837.003858
2083,T1004_C00595947,144.9526548
2084,T1004_C00596005,3633.772121
2085,T1004_C00596103,8422.722153
2086,T1004_C00596160,551.1025657
2087,T1004_C00596234,863.4934538
2088,T1004_C00596331,921.1378123
2089,T1004_C00596395,14084.38399
2090,T1004_C00596458,2474.41458
2091,T1004_C00596511,43.27146637
2092,T1004_C00596572,10.1867991
2093,T1004_C00596606,135.9137229
2094,T1004_C00596653,384.1140874
2095,T1004_C00596698,168.4853351
2096,T1004_C00596750,273.8173148
2097,T1004_C00596801,340.1919015
2098,T1004_C00596905,290.3545225
2099,T1004_C00596963,271.8769759
2100,T1004_C00597036,2066.707168
2101,T1004_C00597633,666.5306605
2102,T1004_C00598280,239.9071427
2103,T1004_C00598350,1387.466531
2104,T1004_C00598394,76.81341997
2105,T1004_C00598436,195.5480691
2106,T1004_C00598483,272.914835
2107,T1004_C00598536,92.36890475
2108,T1004_C00598589,69.72892355
2109,T1005_C00246995,151.7596166
2110,T1005_C00247072,51.54583744
2111,T1005_C00247123,155.2878488
2112,T1005_C00247187,26.33097688
2113,T1005_C00247328,73.76404847
2114,T1005_C00371354,163.3304341
2115,T1005_C00371407,400.2860474
2116,T1005_C00371447,4.043107531
2117,T1005_C00371503,70.14740187
2118,T1005_C00372504,10.57478898
2119,T1005_C00372553,24.39157033
2120,T1005_C00372598,3.798437584
2121,T1005_C00372702,342.8240107
2122,T1005_C00372770,40.08205006
2123,T1005_C00372816,5.705597623
2124,T1005_C00372863,157.0179322
2125,T1005_C00373063,5.517180109
2126,T1005_C00494529,221.8209516
2127,T1005_C00494581,583.757666
2128,T1005_C00494636,24.19095053
2129,T1005_C00494687,370.3429365
2130,T1005_C00494733,47.63462239
2131,T1005_C00495029,14.133741
2132,T1005_C00495076,13.76006626
2133,T1005_C00495128,7.203003892
2134,T1005_C00495171,10.67008943
2135,T1005_C00495266,46.71990631
2136,T1005_C00495331,264.6072187
2137,T1005_C00495378,34.9256312
2138,T1005_C00495415,6.3041965
2139,T1005_C00495469,22.75266852
2140,T1005_C00495515,12.1260613
2141,T1005_C00495551,5.132059466
2142,T1005_C00495589,9360.554027
2143,T1005_C00495615,162.9729266
2144,T1005_C00495650,5.420562206
2145,T1005_C00495682,25.03872002
2146,T1005_C00495710,264.2714257
2147,T1005_C00495750,103.0661896
2148,T1005_C00495793,6.131971955
2149,T1005_C00495828,1.710867483
2150,T1005_C00495870,10.28887354
2151,T1005_C00495903,8.767157319
2152,T1005_C00495955,82.20740689
2153,T1005_C00496015,108.4894692
2154,T1005_C00496082,32.66905527
2155,T1005_C00496134,58.70747438
2156,T1005_C00496175,3.913951833
2157,T1005_C00496213,7.025311741
2158,T1005_C00496256,27.20882347
2159,T1005_C00496282,265.0405237
2160,T1005_C00496319,5.152648669
2161,T1006_C00120540,1157.466784
2162,T1006_C00120594,951.2215289
2163,T1006_C00120669,10498.33043
2164,T1006_C00120786,3175.203252
2165,T1006_C00120849,3548.592281
2166,T1006_C00120936,9039.897275
2167,T1006_C00121055,1650.077197
2168,T1006_C00121142,1004.982366
2169,T1006_C00121225,1828.766248
2170,T1006_C00121290,1634.200378
2171,T1006_C00121355,1186.060971
2172,T1006_C00121408,1273.720362
2173,T1006_C00121454,1086.961726
2174,T1006_C00121510,2231.533671
2175,T1006_C00121578,974.9580444
2176,T1006_C00121647,6619.215898
2177,T1006_C00121700,922.5156821
2178,T1006_C00121759,2196.129151
2179,T1006_C00121865,467.964031
2180,T1006_C00121944,3087.732783
2181,T1006_C00121996,2548.529
2182,T1006_C00122057,352.2603393
2183,T1006_C00122129,299.2522669
2184,T1006_C00122174,245.7402665
2185,T1006_C00122276,671.7044081
2186,T1006_C00122365,1177.254838
2187,T1006_C00122425,1372.167359
2188,T1006_C00122471,193.5170154
2189,T1006_C00122522,464.3148272
2190,T1006_C00122568,363.2856071
2191,T1006_C00122619,420.5307295
2192,T1006_C00122712,1546.378764
2193,T1006_C00122761,412.3290658
2194,T1006_C00122807,58.02309679
2195,T1006_C00122851,431.9244882
2196,T1006_C00122913,6672.373098
2197,T1006_C00122957,26.01363959
2198,T1006_C00123014,1073.208593
2199,T1006_C00123092,182.4678755
2200,T1006_C00123137,467.238389
2201,T1006_C00123185,88.81665491
2202,T1006_C00123226,138.5962697
2203,T1006_C00123283,5081.323944
2204,T1006_C00123330,349.3483201
2205,T1006_C00123398,426.3636665
2206,T1006_C00123466,1238.431345
2207,T1006_C00123562,89.08493311
2208,T1006_C00123744,3146.388026
2209,T1006_C00123864,26704.22102
2210,T1006_C00123928,1877.163715
2211,T1006_C00124056,16556.7525
2212,T1006_C00124178,1249.700771
2213,T1006_C00124220,33.75238559
2214,T1006_C00124332,1429.842148
2215,T1006_C00124459,6127.696385
2216,T1006_C00124573,9245.772698
2217,T1006_C00124652,4178.704223
2218,T1006_C00124758,7478.573555
2219,T1006_C00124869,4554.326211
2220,T1006_C00124962,1680.467592
2221,T1006_C00125025,3116.764637
2222,T1006_C00125100,1461.453116
2223,T1006_C00243814,1699.14819
2224,T1006_C00243888,2230.099229
2225,T1006_C00243947,10181.62972
2226,T1006_C00244033,20737.73731
2227,T1006_C00244144,7824.910536
2228,T1006_C00244230,3265.459494
2229,T1006_C00244322,38.96120274
2230,T1006_C00244406,7644.39344
2231,T1006_C00244467,7553.791385
2232,T1006_C00244500,895.078892
2233,T1006_C00244534,529.3060355
2234,T1006_C00244572,719.85434
2235,T1006_C00244595,9.447922141
2236,T1006_C00244630,296.6937492
2237,T1006_C00244709,397.8493269
2238,T1006_C00244740,14.58733994
2239,T1006_C00244900,1413.090412
2240,T1006_C00244959,3522.895136
2241,T1006_C00245008,5009.549655
2242,T1006_C00245060,6263.377071
2243,T1006_C00245109,688.0974097
2244,T1006_C00245172,204.4980758
2245,T1006_C00245239,305.3356698
2246,T1006_C00245287,76.77114525
2247,T1006_C00245386,452.6441697
2248,T1006_C00245458,1582.921895
2249,T1006_C00245527,341.8783745
2250,T1006_C00245616,116.6570256
2251,T1006_C00245656,637.3349529
2252,T1006_C00245713,2767.859052
2253,T1006_C00245759,1838.127631
2254,T1006_C00245791,2383.017998
2255,T1006_C00245838,1054.651794
2256,T1006_C00245897,1400.981285
2257,T1006_C00245969,1186.527273
2258,T1006_C00246047,432.8833589
2259,T1006_C00246160,22524.05981
2260,T1006_C00246232,4342.94699
2261,T1006_C00246324,1799.671766
2262,T1006_C00246431,14280.04276
2263,T1006_C00246564,6661.114226
2264,T1006_C00246678,2757.667229
2265,T1006_C00246732,253.7018039
2266,T1006_C00246894,77.99957744
2267,T1006_C00247390,526.7768775
2268,T1006_C00247444,311.7951331
2269,T1006_C00247548,7381.524406
2270,T1006_C00247624,6356.235403
2271,T1006_C00247718,5185.074735
2272,T1006_C00247785,49.39978204
2273,T1006_C00247838,53.34138163
2274,T1006_C00247892,93.20595269
2275,T1006_C00248057,472.6660362
2276,T1006_C00248116,1614.421131
2277,T1006_C00248218,390.6258921
2278,T1006_C00370733,4280.069493
2279,T1006_C00370793,1012.220147
2280,T1006_C00370837,2848.144695
2281,T1006_C00370884,65.93058106
2282,T1006_C00370931,68.85389227
2283,T1006_C00370976,416.8378351
2284,T1006_C00371017,2133.157281
2285,T1006_C00371133,40.78137622
2286,T1006_C00371258,1992.869014
2287,T1006_C00371300,2518.820072
2288,T1006_C00371562,74.97647478
2289,T1006_C00371650,190.3103385
2290,T1006_C00371709,41.31140053
2291,T1006_C00371764,46.39847693
2292,T1006_C00371829,70.23756155
2293,T1006_C00371953,208.3769146
2294,T1006_C00372046,67.94304833
2295,T1006_C00372154,189.5406029
2296,T1006_C00372244,25.27227785
2297,T1006_C00372296,14.1831627
2298,T1006_C00372403,140.6006764
2299,T1006_C00372459,14.70920732
2300,T1006_C00493134,52.48333674
2301,T1006_C00493453,7.946652429
2302,T1006_C00493558,203.9020933
2303,T1006_C00493610,64.45113785
2304,T1006_C00493761,259.6538564
2305,T1006_C00493858,15.07715741
2306,T1006_C00493970,42.14485875
2307,T1006_C00494030,35.70120651
2308,T1006_C00494081,14.46678863
2309,T1006_C00494135,15.53151426
2310,T1006_C00494240,47.09422593
2311,T1006_C00494333,20.20345945
2312,T1006_C00494383,15.37348711
2313,T1006_C00494427,5.745140492
2314,T1006_C00494480,116.1923937
2315,T1006_C00494830,53.16248951
2316,T1006_C00495750,35.79052923
2317,T1006_C00495870,8.449883075
2318,T1006_C00496175,1.878112378
2319,T1006_C00496319,1.770479743
2320,T1006_C00597633,209.9151352
2324,T1007_C00121865,5.26921406
2325,T1007_C00122957,6.961994143
2326,T1007_C00123620,159.3225226
2327,T1007_C00124220,1.038921351
2328,T1007_C00124573,1538.089313
2329,T1007_C00124758,819.0446349
2330,T1007_C00125025,343.2064894
2331,T1007_C00125100,196.4147565
2332,T1007_C00244230,63.17242168
2333,T1007_C00244467,267.7638603
2334,T1007_C00244676,5.319523245
2335,T1007_C00244778,85.48389673
2336,T1007_C00244822,382.8378672
2337,T1007_C00245172,147.5431457
2338,T1007_C00245458,155.3909356
2339,T1007_C00246678,738.627335
2340,T1007_C00246995,1.857891441
2341,T1007_C00247390,430.0395223
2342,T1007_C00247444,403.186627
2343,T1007_C00247838,94.32009058
2344,T1007_C00248057,376.0079659
2345,T1007_C00248116,107.7911767
2346,T1007_C00248218,31.76781424
2347,T1007_C00370543,222.3105614
2348,T1007_C00370733,312.2145045
2349,T1007_C00370793,132.1205627
2350,T1007_C00370931,13.35782008
2351,T1007_C00371050,2.636264592
2352,T1007_C00371080,0.294817999
2353,T1007_C00371258,28.53388307
2354,T1007_C00371354,613.5073388
2355,T1007_C00371407,100.9008692
2356,T1007_C00371447,24.68201243
2357,T1007_C00371503,282.8362048
2358,T1007_C00371650,1537.459316
2359,T1007_C00371764,981.8101201
2360,T1007_C00372046,241.1287921
2361,T1007_C00372154,3488.485294
2362,T1007_C00372403,223.1786474
2363,T1007_C00373250,269.87806
2364,T1007_C00373315,1009.9107
2365,T1007_C00373379,2711.628628
2366,T1007_C00373429,197.6388914
2367,T1007_C00373649,983.0362823
2368,T1007_C00373784,1658.940746
2369,T1007_C00374124,1165.479572
2370,T1007_C00374527,786.8774126
2371,T1007_C00374629,331.3148759
2372,T1007_C00374807,2633.953482
2373,T1007_C00374903,17.37997287
2374,T1007_C00375004,1425.164867
2375,T1007_C00375018,0.022645223
2376,T1007_C00493558,179.3114375
2377,T1007_C00493610,367.2954975
2378,T1007_C00493653,1317.429483
2379,T1007_C00493761,1515.37767
2380,T1007_C00493811,131.5414017
2381,T1007_C00494529,844.2265963
2382,T1007_C00494581,2735.868391
2383,T1007_C00494636,385.7190532
2384,T1007_C00494687,366.5996897
2385,T1007_C00494733,326.5851816
2386,T1007_C00495029,567.5665027
2387,T1007_C00495076,396.9055115
2388,T1007_C00495128,560.6451197
2389,T1007_C00495171,90.21040327
2390,T1007_C00495216,511.5759403
2391,T1007_C00496175,36.29594986
2392,T1008_C00244406,23.47812428
2393,T1008_C00244900,58.97938139
2394,T1008_C00247487,11.20874764
2395,T1008_C00495415,4.480447686
2396,T1008_C00495469,10.06311524
2397,T1008_C00495515,4.894631267
2398,T1008_C00495551,3.609644859
2399,T1008_C00495650,0.701251129
2400,T1008_C00495682,3.114203024
2401,T1008_C00495793,0.893139451
2402,T1008_C00495828,0.649539845
2403,T1008_C00495903,7.227940505
2404,T1008_C00496015,49.99936981
2405,T1008_C00496213,5.205037605
2406,T1008_C00496378,364.3425724
2407,T1008_C00496430,20.80643983
2408,T1008_C00496482,282.3688104
2409,T1008_C00496522,139.8899344
2410,T1008_C00496576,220.5593995
2411,T1008_C00496620,53.34097227
2412,T1008_C00496662,185.5641017
2413,T1008_C00496715,574.6095167
2414,T1008_C00496769,35.4169417
2415,T1008_C00496815,59.66637199
2416,T1008_C00496864,86.19212673
2417,T1008_C00496914,101.3423132
2418,T1008_C00496975,1220.541978
2419,T1008_C00497029,412.749553
2420,T1008_C00497085,824.2930972
2421,T1008_C00497136,392.4085561
2422,T1008_C00497186,169.4102155
2423,T1008_C00497240,156.7277085
2424,T1008_C00497296,304.7550523
2425,T1008_C00497347,132.5141109
2426,T1008_C00497398,102.8963257
2427,T1008_C00497513,1397.255164
2428,T1008_C00594864,388.5238857
2429,T1008_C00594966,256.6873985
2430,T1008_C00595049,2119.032628
2431,T1008_C00595147,2047.587114
2432,T1008_C00595228,221.2726268
2433,T1008_C00595282,241.1014821
2434,T1008_C00595324,42.93920444
2435,T1008_C00595368,76.17455886
2436,T1008_C00595408,157.4330215
2437,T1008_C00595437,108.4783445
2438,T1008_C00595491,1082.388783
2439,T1008_C00595550,856.7309035
2440,T1008_C00595613,2587.637845
2441,T1008_C00595665,408.3635653
2442,T1008_C00595723,547.777049
2443,T1008_C00595803,933.8741087
2444,T1008_C00595894,433.5179583
2445,T1008_C00595947,521.5537888
2446,T1008_C00596005,113.6731203
2447,T1008_C00596103,2956.506344
2448,T1008_C00596160,325.2392199
2449,T1008_C00596234,159.5684724
2450,T1008_C00596331,110.9044033
2451,T1008_C00596395,1151.495618
2452,T1008_C00596458,591.2657996
2453,T1008_C00596511,135.3525912
2454,T1008_C00596653,59.87083316
2455,T1008_C00596698,26.56960348
2456,T1008_C00596750,48.86514529
2457,T1008_C00596801,114.5328058
2458,T1008_C00596849,61.54848595
2459,T1008_C00596905,65.87946192
2460,T1008_C00596963,154.2539415
2461,T1008_C00597036,843.4470253
2462,T1008_C00597124,4508.623097
2463,T1008_C00597181,299.1983671
2464,T1008_C00597252,1651.056916
2465,T1008_C00597310,598.3062051
2466,T1008_C00597379,2362.22705
2467,T1008_C00597428,539.7941896
2468,T1008_C00597486,1531.924673
2469,T1008_C00597550,2671.769921
2470,T1008_C00597742,3344.030172
2471,T1008_C00597800,433.0871478
2472,T1008_C00597859,774.8018339
2473,T1008_C00597931,2543.019508
2474,T1008_C00597986,2701.13191
2475,T1008_C00598041,1171.750166
2476,T1008_C00598125,3116.838895
2477,T1008_C00598168,861.4230547
2478,T1008_C00598226,831.4216686
2479,T1008_C00598280,131.2118164
2480,T1008_C00598350,1774.736873
2481,T1008_C00598436,74.76801703
2482,T1008_C00598483,291.9343973
2483,T1008_C00598536,331.2768084
2484,T1008_C00598589,170.2454251